Device Name,Status,
CSFBQUINTERO,None,
CSFHCHAGUAN,None,
CSFTemplate,None,
CSFTVEDXCESIF,None,
CSFTVEDXCJGUE,None,
CSFTVESOUVPERA,Registered with KOFVZOFCCUCMSUB02.sa.kof.ccf,
CSFTVESPIJROD,None,
CSFVE01311702,None,
CSFVE01312701,None,
CSFVE01359159,None,
CSFVE01360226,None,
CSFVE01363622,None,
CSFVE01376745,None,
CSFVE01378592,None,
CSFVE01438053,None,
CSFVE01459373,None,
CSFVE01678223,None,
CSFVE01686617,None,
CSFVE01826805,None,
CSFVE01858032,None,
CSFVE01874388,None,
CSFVE01900066,None,
CSFVE01900191,None,
CSFVE01900421,None,
CSFVE01900438,None,
CSFVE01900746,None,
CSFVE01900791,None,
CSFVE01900792,None,
CSFVE01900890,None,
CSFVE01901100,None,
CSFVE01901110,None,
CSFVE01901954,None,
CSFVE01902893,None,
CSFVE01902900,None,
CSFVE01902919,None,
CSFVE01903256,None,
CSFVE01903263,None,
CSFVE01904108,Registered with KOFVZOFCCUCMSUB02.sa.kof.ccf,
CSFVE01906618,None,
CSFVE03207576,None,
CSFVE03301575,None,
CSFVE03308368,None,
CSFVE03455770,None,
CSFVE03478113,None,
CSFVE03490134,None,
CSFVE03497205,None,
CSFVE03537270,None,
CSFVE03662222,None,
CSFVE03701091,None,
KOFVENALGOCUE01,None,
KOFVENALGOCUE02,None,
KOFVENANTICUE01,Registered with KOFVZOFCCUCMSUB01.sa.kof.ccf,
KOFVENANTICUE02,Registered with KOFVZOFCCUCMSUB01.sa.kof.ccf,
KOFVENAPURCUE01,Registered with KOFVZOFCCUCMSUB02.sa.kof.ccf,
KOFVENAPURCUE02,Registered with KOFVZOFCCUCMSUB02.sa.kof.ccf,
KOFVENBLNACUE01,Registered with KOFVZOFCCUCMSUB02.sa.kof.ccf,
KOFVENBLNACUE02,Registered with KOFVZOFCCUCMSUB02.sa.kof.ccf,
KOFVENBLNACUE03,Registered with KOFVZOFCCUCMSUB02.sa.kof.ccf,
KOFVENBLNACUE04,Registered with KOFVZOFCCUCMSUB02.sa.kof.ccf,
KOFVENBLNACUE05,Registered with KOFVZOFCCUCMSUB02.sa.kof.ccf,
KOFVENBLNACUE06,Registered with KOFVZOFCCUCMSUB02.sa.kof.ccf,
KOFVENBQTOCUE01,Registered with KOFVZOFCCUCMSUB01.sa.kof.ccf,
KOFVENBQTOCUE02,Registered with KOFVZOFCCUCMSUB01.sa.kof.ccf,
KOFVENCBZOCUE01,None,
KOFVENCBZOCUE02,None,
KOFVENCUMACUE01,Registered with KOFVZOFCCUCMSUB02.sa.kof.ccf,
KOFVENCUMACUE02,Registered with KOFVZOFCCUCMSUB02.sa.kof.ccf,
KOFVENDVALCUE01,None,
KOFVENDVALCUE02,None,
KOFVENGNPACUE01,Registered with KOFVZOFCCUCMSUB02.sa.kof.ccf,
KOFVENGNPACUE02,Registered with KOFVZOFCCUCMSUB02.sa.kof.ccf,
KOFVENGUARCUE01,Registered with KOFVZOFCCUCMSUB01.sa.kof.ccf,
KOFVENGUARCUE02,Registered with KOFVZOFCCUCMSUB01.sa.kof.ccf,
KOFVENLGUACUE01,None,
KOFVENLGUACUE02,None,
KOFVENLGUACUE03,None,
KOFVENLGUACUE04,None,
KOFVENLGUACUE05,None,
KOFVENLPASCUE01,None,
KOFVENLPASCUE02,None,
KOFVENMARGCUE01,None,
KOFVENMARGCUE02,None,
KOFVENMCBNCUE01,None,
KOFVENMCBNCUE02,None,
KOFVENMCBOCUE01,Registered with KOFVZOFCCUCMSUB01.sa.kof.ccf,
KOFVENMCBOCUE02,Registered with KOFVZOFCCUCMSUB01.sa.kof.ccf,
KOFVENMCBSCUE01,None,
KOFVENMCBSCUE02,None,
KOFVENPVALCUE01,Registered with KOFVZOFCCUCMSUB02.sa.kof.ccf,
KOFVENPVALCUE02,Registered with KOFVZOFCCUCMSUB02.sa.kof.ccf,
KOFVENPVALCUE03,Registered with KOFVZOFCCUCMSUB02.sa.kof.ccf,
KOFVENPVALCUE04,Registered with KOFVZOFCCUCMSUB02.sa.kof.ccf,
KOFVENSCRICUE01,None,
KOFVENSCRICUE02,None,
KOFVENSFLXCUE01,Registered with KOFVZOFCCUCMSUB02.sa.kof.ccf,
KOFVENSFLXCUE02,Registered with KOFVZOFCCUCMSUB02.sa.kof.ccf,
SEP0004F2E5414C,Registered with KOFVZOFCCUCMSUB01.sa.kof.ccf,
SEP0004F2E5C3B7,Registered with KOFVZOFCCUCMSUB02.sa.kof.ccf,
SEP0004F2E6D11A,Registered with KOFVZOFCCUCMSUB02.sa.kof.ccf,
SEP0004F2EB4CF6,None,
SEP0004F2EB4D0F,Registered with KOFVZOFCCUCMSUB02.sa.kof.ccf,
SEP0004F2EB4D11,None,
SEP0004F2EB4EA1,Registered with KOFVZOFCCUCMSUB02.sa.kof.ccf,
SEP001121FF71B3,Registered with KOFVZOFCCUCMSUB02.sa.kof.ccf,
SEP001121FF71DA,Registered with KOFVZOFCCUCMSUB02.sa.kof.ccf,
SEP001121FF71E3,Registered with KOFVZOFCCUCMSUB02.sa.kof.ccf,
SEP001121FF71FB,Registered with KOFVZOFCCUCMSUB01.sa.kof.ccf,
SEP001121FF71FE,None,
SEP001121FF7294,Registered with KOFVZOFCCUCMSUB02.sa.kof.ccf,
SEP001121FF72BC,Registered with KOFVZOFCCUCMSUB02.sa.kof.ccf,
SEP001121FF72C6,Registered with KOFVZOFCCUCMSUB02.sa.kof.ccf,
SEP001121FF72E5,Registered with KOFVZOFCCUCMSUB02.sa.kof.ccf,
SEP001121FF7305,Registered with KOFVZOFCCUCMSUB01.sa.kof.ccf,
SEP001121FF7329,Registered with KOFVZOFCCUCMSUB01.sa.kof.ccf,
SEP001121FF7345,Registered with KOFVZOFCCUCMSUB02.sa.kof.ccf,
SEP001121FF735B,Registered with KOFVZOFCCUCMSUB02.sa.kof.ccf,
SEP001121FF7360,Registered with KOFVZOFCCUCMSUB01.sa.kof.ccf,
SEP001121FF736F,Registered with KOFVZOFCCUCMSUB02.sa.kof.ccf,
SEP001121FF73ED,Registered with KOFVZOFCCUCMSUB02.sa.kof.ccf,
SEP001121FF7431,Registered with KOFVZOFCCUCMSUB02.sa.kof.ccf,
SEP001121FF744F,Registered with KOFVZOFCCUCMSUB02.sa.kof.ccf,
SEP001121FF7467,Unregistered,
SEP001121FF7468,Registered with KOFVZOFCCUCMSUB02.sa.kof.ccf,
SEP001121FF7485,Registered with KOFVZOFCCUCMSUB02.sa.kof.ccf,
SEP001121FF74B6,Registered with KOFVZOFCCUCMSUB02.sa.kof.ccf,
SEP001121FF74DB,Registered with KOFVZOFCCUCMSUB02.sa.kof.ccf,
SEP001121FF74F6,Registered with KOFVZOFCCUCMSUB02.sa.kof.ccf,
SEP001121FF74F8,Registered with KOFVZOFCCUCMSUB02.sa.kof.ccf,
SEP001121FF751C,Registered with KOFVZOFCCUCMSUB01.sa.kof.ccf,
SEP001121FF753A,Registered with KOFVZOFCCUCMSUB02.sa.kof.ccf,
SEP001121FF7546,Registered with KOFVZOFCCUCMSUB02.sa.kof.ccf,
SEP001121FF754C,Registered with KOFVZOFCCUCMSUB02.sa.kof.ccf,
SEP001121FF7578,Registered with KOFVZOFCCUCMSUB02.sa.kof.ccf,
SEP001121FF7587,Registered with KOFVZOFCCUCMSUB02.sa.kof.ccf,
SEP001121FF75DC,Registered with KOFVZOFCCUCMSUB01.sa.kof.ccf,
SEP001121FF75DD,Registered with KOFVZOFCCUCMSUB01.sa.kof.ccf,
SEP001121FF75E5,Registered with KOFVZOFCCUCMSUB01.sa.kof.ccf,
SEP001121FF75E8,Registered with KOFVZOFCCUCMSUB01.sa.kof.ccf,
SEP001121FF75EB,Registered with KOFVZOFCCUCMSUB01.sa.kof.ccf,
SEP001121FF7656,Registered with KOFVZOFCCUCMSUB01.sa.kof.ccf,
SEP001121FF7665,Registered with KOFVZOFCCUCMSUB02.sa.kof.ccf,
SEP001121FF7671,Registered with KOFVZOFCCUCMSUB01.sa.kof.ccf,
SEP001121FF7684,Registered with KOFVZOFCCUCMSUB02.sa.kof.ccf,
SEP001121FF76A5,Registered with KOFVZOFCCUCMSUB02.sa.kof.ccf,
SEP001121FF76B3,Registered with KOFVZOFCCUCMSUB01.sa.kof.ccf,
SEP001121FF76B6,Registered with KOFVZOFCCUCMSUB01.sa.kof.ccf,
SEP001121FF76C6,Registered with KOFVZOFCCUCMSUB02.sa.kof.ccf,
SEP001121FF76CB,Registered with KOFVZOFCCUCMSUB02.sa.kof.ccf,
SEP001121FF76E0,Registered with KOFVZOFCCUCMSUB02.sa.kof.ccf,
SEP001121FF772F,Registered with KOFVZOFCCUCMSUB02.sa.kof.ccf,
SEP001121FF7778,Registered with KOFVZOFCCUCMSUB01.sa.kof.ccf,
SEP001121FF7785,Registered with KOFVZOFCCUCMSUB02.sa.kof.ccf,
SEP001121FF77D8,Registered with KOFVZOFCCUCMSUB02.sa.kof.ccf,
SEP001121FF77FB,Registered with KOFVZOFCCUCMSUB02.sa.kof.ccf,
SEP001121FF7817,Registered with KOFVZOFCCUCMSUB01.sa.kof.ccf,
SEP001121FF782F,Registered with KOFVZOFCCUCMSUB01.sa.kof.ccf,
SEP001121FF785B,Registered with KOFVZOFCCUCMSUB02.sa.kof.ccf,
SEP001121FF7860,Registered with KOFVZOFCCUCMSUB02.sa.kof.ccf,
SEP001121FF78BE,Registered with KOFVZOFCCUCMSUB01.sa.kof.ccf,
SEP001121FF78F1,Registered with KOFVZOFCCUCMSUB02.sa.kof.ccf,
SEP001121FF7CC9,Registered with KOFVZOFCCUCMSUB01.sa.kof.ccf,
SEP001121FF7DA5,Registered with KOFVZOFCCUCMSUB01.sa.kof.ccf,
SEP001121FF7E2E,Registered with KOFVZOFCCUCMSUB01.sa.kof.ccf,
SEP001121FF7E9F,Registered with KOFVZOFCCUCMSUB02.sa.kof.ccf,
SEP001121FF7F2F,Unregistered,
SEP001121FF80AD,Registered with KOFVZOFCCUCMSUB02.sa.kof.ccf,
SEP001121FF80B6,Registered with KOFVZOFCCUCMSUB02.sa.kof.ccf,
SEP001121FF813C,Registered with KOFVZOFCCUCMSUB02.sa.kof.ccf,
SEP001121FF8190,Registered with KOFVZOFCCUCMSUB02.sa.kof.ccf,
SEP001121FF81AB,Registered with KOFVZOFCCUCMSUB01.sa.kof.ccf,
SEP001121FF82E1,Registered with KOFVZOFCCUCMSUB01.sa.kof.ccf,
SEP001121FF8382,Registered with KOFVZOFCCUCMSUB01.sa.kof.ccf,
SEP001121FF83BD,Registered with KOFVZOFCCUCMSUB01.sa.kof.ccf,
SEP001121FF8438,Registered with KOFVZOFCCUCMSUB01.sa.kof.ccf,
SEP001121FF8446,Registered with KOFVZOFCCUCMSUB01.sa.kof.ccf,
SEP001121FF8C5F,Registered with KOFVZOFCCUCMSUB02.sa.kof.ccf,
SEP001121FF8C68,Registered with KOFVZOFCCUCMSUB01.sa.kof.ccf,
SEP001121FF8C6F,Registered with KOFVZOFCCUCMSUB01.sa.kof.ccf,
SEP001121FF8C77,Registered with KOFVZOFCCUCMSUB01.sa.kof.ccf,
SEP001121FF8CC9,Registered with KOFVZOFCCUCMSUB02.sa.kof.ccf,
SEP001121FF8CEB,Registered with KOFVZOFCCUCMSUB02.sa.kof.ccf,
SEP001121FF8CFF,Registered with KOFVZOFCCUCMSUB01.sa.kof.ccf,
SEP001121FF8D2F,Registered with KOFVZOFCCUCMSUB01.sa.kof.ccf,
SEP001121FF8D3E,Registered with KOFVZOFCCUCMSUB01.sa.kof.ccf,
SEP001121FF8D64,Registered with KOFVZOFCCUCMSUB02.sa.kof.ccf,
SEP001121FF8D81,Registered with KOFVZOFCCUCMSUB02.sa.kof.ccf,
SEP001121FF8DA3,Unregistered,
SEP001121FF8DBA,Registered with KOFVZOFCCUCMSUB02.sa.kof.ccf,
SEP001121FF8E15,Registered with KOFVZOFCCUCMSUB01.sa.kof.ccf,
SEP001121FF8E4D,Registered with KOFVZOFCCUCMSUB02.sa.kof.ccf,
SEP001121FF8E56,Unregistered,
SEP001121FF8E63,Registered with KOFVZOFCCUCMSUB02.sa.kof.ccf,
SEP001121FF8E85,Registered with KOFVZOFCCUCMSUB02.sa.kof.ccf,
SEP001121FF8E86,Registered with KOFVZOFCCUCMSUB02.sa.kof.ccf,
SEP001121FF8EB3,Registered with KOFVZOFCCUCMSUB02.sa.kof.ccf,
SEP001121FF8EB8,Registered with KOFVZOFCCUCMSUB02.sa.kof.ccf,
SEP001121FF8EFB,Registered with KOFVZOFCCUCMSUB02.sa.kof.ccf,
SEP001121FF8F23,Registered with KOFVZOFCCUCMSUB02.sa.kof.ccf,
SEP001121FF8F3F,Registered with KOFVZOFCCUCMSUB02.sa.kof.ccf,
SEP001121FF8F42,Registered with KOFVZOFCCUCMSUB01.sa.kof.ccf,
SEP001121FF8F44,Registered with KOFVZOFCCUCMSUB02.sa.kof.ccf,
SEP001121FF8F56,Unregistered,
SEP001121FF8F5D,Registered with KOFVZOFCCUCMSUB02.sa.kof.ccf,
SEP001121FF8F8F,Registered with KOFVZOFCCUCMSUB02.sa.kof.ccf,
SEP001121FF8FA5,Registered with KOFVZOFCCUCMSUB02.sa.kof.ccf,
SEP001121FF8FB3,Registered with KOFVZOFCCUCMSUB02.sa.kof.ccf,
SEP001121FF8FF0,Registered with KOFVZOFCCUCMSUB02.sa.kof.ccf,
SEP001121FF8FF3,None,
SEP001121FF9031,Registered with KOFVZOFCCUCMSUB02.sa.kof.ccf,
SEP001121FF9041,Registered with KOFVZOFCCUCMSUB02.sa.kof.ccf,
SEP001121FF9104,Registered with KOFVZOFCCUCMSUB01.sa.kof.ccf,
SEP001121FF9129,Registered with KOFVZOFCCUCMSUB02.sa.kof.ccf,
SEP001121FF913C,Registered with KOFVZOFCCUCMSUB02.sa.kof.ccf,
SEP001121FF9180,Registered with KOFVZOFCCUCMSUB01.sa.kof.ccf,
SEP001121FF91A6,Registered with KOFVZOFCCUCMSUB02.sa.kof.ccf,
SEP001121FF91F8,Registered with KOFVZOFCCUCMSUB02.sa.kof.ccf,
SEP001121FF9203,Registered with KOFVZOFCCUCMSUB02.sa.kof.ccf,
SEP001121FF9227,Registered with KOFVZOFCCUCMSUB01.sa.kof.ccf,
SEP001121FF925E,Registered with KOFVZOFCCUCMSUB02.sa.kof.ccf,
SEP001121FF9264,Registered with KOFVZOFCCUCMSUB01.sa.kof.ccf,
SEP001121FF9274,Registered with KOFVZOFCCUCMSUB01.sa.kof.ccf,
SEP001121FF9277,Registered with KOFVZOFCCUCMSUB02.sa.kof.ccf,
SEP001121FF9288,Registered with KOFVZOFCCUCMSUB01.sa.kof.ccf,
SEP001121FF928F,Registered with KOFVZOFCCUCMSUB01.sa.kof.ccf,
SEP001121FF9295,Registered with KOFVZOFCCUCMSUB02.sa.kof.ccf,
SEP001121FF9299,Registered with KOFVZOFCCUCMSUB01.sa.kof.ccf,
SEP001121FF92E4,Registered with KOFVZOFCCUCMSUB01.sa.kof.ccf,
SEP001121FF92EF,Registered with KOFVZOFCCUCMSUB02.sa.kof.ccf,
SEP001121FF9315,Registered with KOFVZOFCCUCMSUB02.sa.kof.ccf,
SEP001121FF9333,Registered with KOFVZOFCCUCMSUB02.sa.kof.ccf,
SEP001121FF934B,Registered with KOFVZOFCCUCMSUB02.sa.kof.ccf,
SEP001121FF9360,Registered with KOFVZOFCCUCMSUB02.sa.kof.ccf,
SEP001121FF939E,Registered with KOFVZOFCCUCMSUB01.sa.kof.ccf,
SEP001121FF93B4,Registered with KOFVZOFCCUCMSUB02.sa.kof.ccf,
SEP001121FF93B7,Registered with KOFVZOFCCUCMSUB02.sa.kof.ccf,
SEP001121FF93B8,Registered with KOFVZOFCCUCMSUB02.sa.kof.ccf,
SEP001121FF93CB,Registered with KOFVZOFCCUCMSUB02.sa.kof.ccf,
SEP001121FF93F2,Registered with KOFVZOFCCUCMSUB02.sa.kof.ccf,
SEP001121FF9405,Registered with KOFVZOFCCUCMSUB02.sa.kof.ccf,
SEP001121FF9414,Registered with KOFVZOFCCUCMSUB01.sa.kof.ccf,
SEP001121FF9422,Registered with KOFVZOFCCUCMSUB02.sa.kof.ccf,
SEP001121FF943C,Registered with KOFVZOFCCUCMSUB02.sa.kof.ccf,
SEP001121FF947E,Registered with KOFVZOFCCUCMSUB02.sa.kof.ccf,
SEP001121FF9493,Registered with KOFVZOFCCUCMSUB02.sa.kof.ccf,
SEP001121FF94FA,None,
SEP001121FF9518,Registered with KOFVZOFCCUCMSUB02.sa.kof.ccf,
SEP001121FF9519,Unregistered,
SEP001121FF9536,Registered with KOFVZOFCCUCMSUB02.sa.kof.ccf,
SEP001121FF953E,Registered with KOFVZOFCCUCMSUB02.sa.kof.ccf,
SEP001121FF9566,Registered with KOFVZOFCCUCMSUB02.sa.kof.ccf,
SEP001121FF956B,Registered with KOFVZOFCCUCMSUB01.sa.kof.ccf,
SEP001121FF9579,Registered with KOFVZOFCCUCMSUB02.sa.kof.ccf,
SEP001121FF95AA,Registered with KOFVZOFCCUCMSUB02.sa.kof.ccf,
SEP001121FF95DF,Registered with KOFVZOFCCUCMSUB02.sa.kof.ccf,
SEP001121FF9652,Registered with KOFVZOFCCUCMSUB01.sa.kof.ccf,
SEP001121FF966D,Registered with KOFVZOFCCUCMSUB01.sa.kof.ccf,
SEP001121FF96E2,Registered with KOFVZOFCCUCMSUB02.sa.kof.ccf,
SEP001121FF96E7,Registered with KOFVZOFCCUCMSUB02.sa.kof.ccf,
SEP001121FF96EA,Registered with KOFVZOFCCUCMSUB02.sa.kof.ccf,
SEP001121FF9724,Registered with KOFVZOFCCUCMSUB02.sa.kof.ccf,
SEP001121FF9760,Registered with KOFVZOFCCUCMSUB02.sa.kof.ccf,
SEP001121FF97DA,Registered with KOFVZOFCCUCMSUB01.sa.kof.ccf,
SEP001121FF98D8,Registered with KOFVZOFCCUCMSUB02.sa.kof.ccf,
SEP001121FF9906,Registered with KOFVZOFCCUCMSUB02.sa.kof.ccf,
SEP001121FF991E,Registered with KOFVZOFCCUCMSUB01.sa.kof.ccf,
SEP001121FF9920,Registered with KOFVZOFCCUCMSUB01.sa.kof.ccf,
SEP001121FF9921,Registered with KOFVZOFCCUCMSUB02.sa.kof.ccf,
SEP001121FF9949,Registered with KOFVZOFCCUCMSUB01.sa.kof.ccf,
SEP001121FF9954,Registered with KOFVZOFCCUCMSUB01.sa.kof.ccf,
SEP001121FF9962,Registered with KOFVZOFCCUCMSUB02.sa.kof.ccf,
SEP001121FF99B8,Registered with KOFVZOFCCUCMSUB02.sa.kof.ccf,
SEP001121FF99D6,Registered with KOFVZOFCCUCMSUB02.sa.kof.ccf,
SEP001121FF99EB,Registered with KOFVZOFCCUCMSUB02.sa.kof.ccf,
SEP001121FF9A11,Registered with KOFVZOFCCUCMSUB01.sa.kof.ccf,
SEP001121FF9A64,Registered with KOFVZOFCCUCMSUB02.sa.kof.ccf,
SEP001121FF9AF9,Registered with KOFVZOFCCUCMSUB02.sa.kof.ccf,
SEP001121FF9BB2,Registered with KOFVZOFCCUCMSUB02.sa.kof.ccf,
SEP001121FF9BE1,Registered with KOFVZOFCCUCMSUB02.sa.kof.ccf,
SEP001121FF9BF1,Registered with KOFVZOFCCUCMSUB02.sa.kof.ccf,
SEP001121FFA206,Registered with KOFVZOFCCUCMSUB01.sa.kof.ccf,
SEP001121FFA24B,Registered with KOFVZOFCCUCMSUB02.sa.kof.ccf,
SEP001121FFA256,Registered with KOFVZOFCCUCMSUB01.sa.kof.ccf,
SEP001121FFA25B,Registered with KOFVZOFCCUCMSUB02.sa.kof.ccf,
SEP001121FFA25C,Registered with KOFVZOFCCUCMSUB02.sa.kof.ccf,
SEP001121FFA264,Registered with KOFVZOFCCUCMSUB02.sa.kof.ccf,
SEP001121FFA289,Registered with KOFVZOFCCUCMSUB02.sa.kof.ccf,
SEP001121FFA29B,Registered with KOFVZOFCCUCMSUB02.sa.kof.ccf,
SEP001121FFA2A2,None,
SEP001121FFA2A6,Registered with KOFVZOFCCUCMSUB02.sa.kof.ccf,
SEP001121FFA2B3,Registered with KOFVZOFCCUCMSUB02.sa.kof.ccf,
SEP001121FFA2C5,Registered with KOFVZOFCCUCMSUB02.sa.kof.ccf,
SEP001121FFA2E1,Registered with KOFVZOFCCUCMSUB02.sa.kof.ccf,
SEP001121FFA2F1,Registered with KOFVZOFCCUCMSUB01.sa.kof.ccf,
SEP001121FFA2F2,Registered with KOFVZOFCCUCMSUB01.sa.kof.ccf,
SEP001121FFA2F3,Registered with KOFVZOFCCUCMSUB02.sa.kof.ccf,
SEP001121FFA2F4,Registered with KOFVZOFCCUCMSUB01.sa.kof.ccf,
SEP001121FFA2F5,Registered with KOFVZOFCCUCMSUB02.sa.kof.ccf,
SEP001121FFA2F9,Registered with KOFVZOFCCUCMSUB02.sa.kof.ccf,
SEP001121FFA2FF,Registered with KOFVZOFCCUCMSUB02.sa.kof.ccf,
SEP001121FFA301,Registered with KOFVZOFCCUCMSUB02.sa.kof.ccf,
SEP001121FFA30B,Registered with KOFVZOFCCUCMSUB02.sa.kof.ccf,
SEP001121FFA310,Registered with KOFVZOFCCUCMSUB02.sa.kof.ccf,
SEP001121FFA315,Registered with KOFVZOFCCUCMSUB02.sa.kof.ccf,
SEP001121FFA31A,Registered with KOFVZOFCCUCMSUB02.sa.kof.ccf,
SEP001121FFA32E,Registered with KOFVZOFCCUCMSUB02.sa.kof.ccf,
SEP001121FFA331,Registered with KOFVZOFCCUCMSUB02.sa.kof.ccf,
SEP001121FFA338,Registered with KOFVZOFCCUCMSUB02.sa.kof.ccf,
SEP001121FFA339,Registered with KOFVZOFCCUCMSUB02.sa.kof.ccf,
SEP001121FFA33A,Registered with KOFVZOFCCUCMSUB02.sa.kof.ccf,
SEP001121FFA34E,Registered with KOFVZOFCCUCMSUB01.sa.kof.ccf,
SEP001121FFA359,Registered with KOFVZOFCCUCMSUB02.sa.kof.ccf,
SEP001121FFA35F,Registered with KOFVZOFCCUCMSUB02.sa.kof.ccf,
SEP001121FFA376,Registered with KOFVZOFCCUCMSUB02.sa.kof.ccf,
SEP001121FFA385,Registered with KOFVZOFCCUCMSUB02.sa.kof.ccf,
SEP001121FFA397,Registered with KOFVZOFCCUCMSUB02.sa.kof.ccf,
SEP001121FFA3A4,Registered with KOFVZOFCCUCMSUB01.sa.kof.ccf,
SEP001121FFA3BE,Registered with KOFVZOFCCUCMSUB02.sa.kof.ccf,
SEP001121FFA3C4,Registered with KOFVZOFCCUCMPUB01.sa.kof.ccf,
SEP001121FFA3CB,Registered with KOFVZOFCCUCMSUB02.sa.kof.ccf,
SEP001121FFA417,Registered with KOFVZOFCCUCMSUB02.sa.kof.ccf,
SEP001121FFA464,Registered with KOFVZOFCCUCMSUB02.sa.kof.ccf,
SEP001121FFA478,Registered with KOFVZOFCCUCMSUB01.sa.kof.ccf,
SEP001121FFA5C9,Registered with KOFVZOFCCUCMSUB01.sa.kof.ccf,
SEP001121FFA5D6,Registered with KOFVZOFCCUCMSUB02.sa.kof.ccf,
SEP001121FFA5E0,Registered with KOFVZOFCCUCMSUB02.sa.kof.ccf,
SEP001121FFA5F2,Registered with KOFVZOFCCUCMSUB01.sa.kof.ccf,
SEP001121FFA608,Registered with KOFVZOFCCUCMSUB01.sa.kof.ccf,
SEP001121FFA60A,Registered with KOFVZOFCCUCMSUB02.sa.kof.ccf,
SEP001121FFA611,Registered with KOFVZOFCCUCMSUB02.sa.kof.ccf,
SEP001121FFA649,Registered with KOFVZOFCCUCMSUB02.sa.kof.ccf,
SEP001121FFA659,None,
SEP001121FFA67F,Registered with KOFVZOFCCUCMSUB02.sa.kof.ccf,
SEP001121FFA688,Registered with KOFVZOFCCUCMSUB02.sa.kof.ccf,
SEP001121FFA698,Registered with KOFVZOFCCUCMSUB01.sa.kof.ccf,
SEP001121FFA69D,Registered with KOFVZOFCCUCMSUB02.sa.kof.ccf,
SEP001121FFA6E4,Unregistered,
SEP001121FFA6EA,Registered with KOFVZOFCCUCMSUB02.sa.kof.ccf,
SEP001121FFA6F9,Registered with KOFVZOFCCUCMSUB01.sa.kof.ccf,
SEP001121FFA7CE,Registered with KOFVZOFCCUCMSUB02.sa.kof.ccf,
SEP001121FFA7D6,Registered with KOFVZOFCCUCMSUB02.sa.kof.ccf,
SEP001121FFA7FB,Registered with KOFVZOFCCUCMSUB02.sa.kof.ccf,
SEP001121FFA7FC,Registered with KOFVZOFCCUCMSUB02.sa.kof.ccf,
SEP001121FFA826,Registered with KOFVZOFCCUCMSUB02.sa.kof.ccf,
SEP001121FFA9B2,Registered with KOFVZOFCCUCMSUB01.sa.kof.ccf,
SEP001121FFAA54,Registered with KOFVZOFCCUCMSUB01.sa.kof.ccf,
SEP001121FFAA69,Registered with KOFVZOFCCUCMSUB01.sa.kof.ccf,
SEP001121FFAAD9,Registered with KOFVZOFCCUCMSUB01.sa.kof.ccf,
SEP001121FFAAFE,Registered with KOFVZOFCCUCMSUB01.sa.kof.ccf,
SEP001121FFAB07,Registered with KOFVZOFCCUCMSUB02.sa.kof.ccf,
SEP001121FFAB58,Registered with KOFVZOFCCUCMSUB02.sa.kof.ccf,
SEP001121FFAB7F,Registered with KOFVZOFCCUCMSUB02.sa.kof.ccf,
SEP001121FFABB7,Registered with KOFVZOFCCUCMSUB02.sa.kof.ccf,
SEP001121FFABDF,Registered with KOFVZOFCCUCMSUB02.sa.kof.ccf,
SEP001121FFAC05,Registered with KOFVZOFCCUCMSUB02.sa.kof.ccf,
SEP001121FFAC2B,Registered with KOFVZOFCCUCMSUB01.sa.kof.ccf,
SEP001121FFAC57,Registered with KOFVZOFCCUCMSUB02.sa.kof.ccf,
SEP001121FFACD1,Registered with KOFVZOFCCUCMSUB02.sa.kof.ccf,
SEP001121FFAD21,Registered with KOFVZOFCCUCMSUB02.sa.kof.ccf,
SEP001121FFADAC,Registered with KOFVZOFCCUCMSUB02.sa.kof.ccf,
SEP001121FFADFC,Registered with KOFVZOFCCUCMSUB02.sa.kof.ccf,
SEP001121FFAE3F,Registered with KOFVZOFCCUCMSUB02.sa.kof.ccf,
SEP001121FFAEA7,Registered with KOFVZOFCCUCMSUB02.sa.kof.ccf,
SEP001121FFAEC2,Registered with KOFVZOFCCUCMSUB01.sa.kof.ccf,
SEP001121FFAEF1,Registered with KOFVZOFCCUCMSUB02.sa.kof.ccf,
SEP001121FFAF0D,Registered with KOFVZOFCCUCMSUB02.sa.kof.ccf,
SEP001121FFAF15,Registered with KOFVZOFCCUCMSUB02.sa.kof.ccf,
SEP001121FFAF3A,None,
SEP001121FFAF3D,Registered with KOFVZOFCCUCMSUB02.sa.kof.ccf,
SEP001121FFAF52,Registered with KOFVZOFCCUCMSUB02.sa.kof.ccf,
SEP001121FFAF5F,Registered with KOFVZOFCCUCMSUB01.sa.kof.ccf,
SEP001121FFAF95,Registered with KOFVZOFCCUCMSUB02.sa.kof.ccf,
SEP001121FFAFBF,Registered with KOFVZOFCCUCMSUB01.sa.kof.ccf,
SEP001121FFAFCE,Registered with KOFVZOFCCUCMSUB02.sa.kof.ccf,
SEP001121FFAFD5,Registered with KOFVZOFCCUCMSUB02.sa.kof.ccf,
SEP001121FFAFDA,Registered with KOFVZOFCCUCMSUB02.sa.kof.ccf,
SEP001121FFAFDB,Registered with KOFVZOFCCUCMSUB02.sa.kof.ccf,
SEP001121FFAFDF,Registered with KOFVZOFCCUCMSUB02.sa.kof.ccf,
SEP001121FFAFE6,Registered with KOFVZOFCCUCMSUB01.sa.kof.ccf,
SEP001121FFAFEC,Registered with KOFVZOFCCUCMSUB02.sa.kof.ccf,
SEP001121FFAFF1,Registered with KOFVZOFCCUCMSUB02.sa.kof.ccf,
SEP001121FFAFF5,Registered with KOFVZOFCCUCMSUB01.sa.kof.ccf,
SEP001121FFAFF8,Registered with KOFVZOFCCUCMSUB01.sa.kof.ccf,
SEP001121FFAFFF,Registered with KOFVZOFCCUCMSUB02.sa.kof.ccf,
SEP001121FFB000,Registered with KOFVZOFCCUCMSUB02.sa.kof.ccf,
SEP001121FFB004,Registered with KOFVZOFCCUCMSUB02.sa.kof.ccf,
SEP001121FFB00A,Registered with KOFVZOFCCUCMSUB02.sa.kof.ccf,
SEP001121FFB00D,Registered with KOFVZOFCCUCMSUB01.sa.kof.ccf,
SEP001121FFB00E,Registered with KOFVZOFCCUCMSUB02.sa.kof.ccf,
SEP001121FFB05A,Registered with KOFVZOFCCUCMSUB02.sa.kof.ccf,
SEP001121FFB074,Registered with KOFVZOFCCUCMSUB02.sa.kof.ccf,
SEP001121FFB09D,Registered with KOFVZOFCCUCMSUB02.sa.kof.ccf,
SEP001121FFB0A1,Registered with KOFVZOFCCUCMSUB02.sa.kof.ccf,
SEP001121FFB0A4,Registered with KOFVZOFCCUCMSUB02.sa.kof.ccf,
SEP001121FFB0A8,Registered with KOFVZOFCCUCMSUB02.sa.kof.ccf,
SEP001121FFB0A9,Registered with KOFVZOFCCUCMSUB02.sa.kof.ccf,
SEP001121FFB0C2,Registered with KOFVZOFCCUCMSUB02.sa.kof.ccf,
SEP001121FFB0DD,Registered with KOFVZOFCCUCMSUB01.sa.kof.ccf,
SEP001121FFB0E6,Registered with KOFVZOFCCUCMSUB02.sa.kof.ccf,
SEP001121FFB0EC,Registered with KOFVZOFCCUCMSUB01.sa.kof.ccf,
SEP001121FFB0F3,Registered with KOFVZOFCCUCMSUB02.sa.kof.ccf,
SEP001121FFB10E,Registered with KOFVZOFCCUCMSUB02.sa.kof.ccf,
SEP001121FFB159,Registered with KOFVZOFCCUCMSUB02.sa.kof.ccf,
SEP001121FFB17B,None,
SEP001121FFB19E,Registered with KOFVZOFCCUCMSUB01.sa.kof.ccf,
SEP001121FFB1BA,None,
SEP001121FFB200,Registered with KOFVZOFCCUCMSUB01.sa.kof.ccf,
SEP001121FFB24E,Registered with KOFVZOFCCUCMSUB02.sa.kof.ccf,
SEP001121FFB2E9,Registered with KOFVZOFCCUCMSUB01.sa.kof.ccf,
SEP001121FFB329,Registered with KOFVZOFCCUCMSUB02.sa.kof.ccf,
SEP001121FFB33E,Registered with KOFVZOFCCUCMSUB02.sa.kof.ccf,
SEP001121FFB416,Registered with KOFVZOFCCUCMSUB01.sa.kof.ccf,
SEP001121FFB4A5,Registered with KOFVZOFCCUCMSUB01.sa.kof.ccf,
SEP001121FFB4CA,Registered with KOFVZOFCCUCMSUB02.sa.kof.ccf,
SEP001121FFB575,Registered with KOFVZOFCCUCMSUB02.sa.kof.ccf,
SEP001121FFB621,Registered with KOFVZOFCCUCMSUB02.sa.kof.ccf,
SEP001121FFB641,Registered with KOFVZOFCCUCMSUB02.sa.kof.ccf,
SEP001121FFB651,Registered with KOFVZOFCCUCMSUB01.sa.kof.ccf,
SEP001121FFB68D,Registered with KOFVZOFCCUCMSUB02.sa.kof.ccf,
SEP001121FFB690,Registered with KOFVZOFCCUCMSUB01.sa.kof.ccf,
SEP001121FFB769,Registered with KOFVZOFCCUCMSUB02.sa.kof.ccf,
SEP001121FFB7D5,Registered with KOFVZOFCCUCMSUB01.sa.kof.ccf,
SEP001121FFB8F0,Registered with KOFVZOFCCUCMSUB02.sa.kof.ccf,
SEP001121FFB9F1,Registered with KOFVZOFCCUCMSUB02.sa.kof.ccf,
SEP001121FFBA79,Registered with KOFVZOFCCUCMSUB02.sa.kof.ccf,
SEP001121FFBA8A,Registered with KOFVZOFCCUCMSUB01.sa.kof.ccf,
SEP001121FFBB2C,Registered with KOFVZOFCCUCMSUB01.sa.kof.ccf,
SEP001121FFBB4A,Registered with KOFVZOFCCUCMSUB02.sa.kof.ccf,
SEP001121FFBC19,Registered with KOFVZOFCCUCMSUB02.sa.kof.ccf,
SEP001121FFBCCE,Registered with KOFVZOFCCUCMSUB01.sa.kof.ccf,
SEP001121FFBE12,Registered with KOFVZOFCCUCMSUB02.sa.kof.ccf,
SEP001121FFBE4C,Registered with KOFVZOFCCUCMSUB02.sa.kof.ccf,
SEP001121FFBE6A,Registered with KOFVZOFCCUCMSUB02.sa.kof.ccf,
SEP001121FFBFD6,Registered with KOFVZOFCCUCMSUB02.sa.kof.ccf,
SEP001121FFC01D,Registered with KOFVZOFCCUCMSUB01.sa.kof.ccf,
SEP001121FFC027,Registered with KOFVZOFCCUCMSUB02.sa.kof.ccf,
SEP001121FFC067,Registered with KOFVZOFCCUCMSUB02.sa.kof.ccf,
SEP001121FFC089,Registered with KOFVZOFCCUCMSUB02.sa.kof.ccf,
SEP001121FFC095,Registered with KOFVZOFCCUCMSUB02.sa.kof.ccf,
SEP001121FFC098,Registered with KOFVZOFCCUCMSUB02.sa.kof.ccf,
SEP001121FFC0AA,Registered with KOFVZOFCCUCMSUB02.sa.kof.ccf,
SEP001121FFC0F8,None,
SEP001121FFC109,Registered with KOFVZOFCCUCMSUB02.sa.kof.ccf,
SEP001121FFC10C,Registered with KOFVZOFCCUCMSUB02.sa.kof.ccf,
SEP001121FFC11D,Registered with KOFVZOFCCUCMSUB01.sa.kof.ccf,
SEP001121FFCCCB,Registered with KOFVZOFCCUCMSUB01.sa.kof.ccf,
SEP001121FFE45A,Registered with KOFVZOFCCUCMSUB01.sa.kof.ccf,
SEP0021D8B92FEE,Registered with KOFVZOFCCUCMSUB01.sa.kof.ccf,
SEP0023049CAFF0,Registered with KOFVZOFCCUCMSUB02.sa.kof.ccf,
SEP002584A0D794,Registered with KOFVZOFCCUCMSUB02.sa.kof.ccf,
SEP002584A264B0,Registered with KOFVZOFCCUCMSUB02.sa.kof.ccf,
SEP002584A264ED,Registered with KOFVZOFCCUCMSUB02.sa.kof.ccf,
SEP002584A26545,Registered with KOFVZOFCCUCMSUB02.sa.kof.ccf,
SEP002584A2654B,Registered with KOFVZOFCCUCMSUB01.sa.kof.ccf,
SEP002584A3268C,Registered with KOFVZOFCCUCMSUB02.sa.kof.ccf,
SEP002584A327AB,Registered with KOFVZOFCCUCMSUB02.sa.kof.ccf,
SEP002584A32814,Registered with KOFVZOFCCUCMSUB02.sa.kof.ccf,
SEP002584A32815,Registered with KOFVZOFCCUCMSUB02.sa.kof.ccf,
SEP002584A328E2,Registered with KOFVZOFCCUCMSUB02.sa.kof.ccf,
SEP002584A32A4B,Registered with KOFVZOFCCUCMSUB01.sa.kof.ccf,
SEP002584A32A55,Registered with KOFVZOFCCUCMSUB01.sa.kof.ccf,
SEP002584A32B6B,Registered with KOFVZOFCCUCMSUB02.sa.kof.ccf,
SEP002584A32B77,Registered with KOFVZOFCCUCMSUB01.sa.kof.ccf,
SEP002584A32BB2,Registered with KOFVZOFCCUCMSUB02.sa.kof.ccf,
SEP002584A32BBB,Registered with KOFVZOFCCUCMSUB01.sa.kof.ccf,
SEP002584A32D39,Registered with KOFVZOFCCUCMSUB02.sa.kof.ccf,
SEP002584A32D42,Registered with KOFVZOFCCUCMSUB02.sa.kof.ccf,
SEP002584A32E53,Registered with KOFVZOFCCUCMSUB02.sa.kof.ccf,
SEP002584A32F3B,Registered with KOFVZOFCCUCMSUB02.sa.kof.ccf,
SEP0026CBA82A41,Registered with KOFVZOFCCUCMSUB02.sa.kof.ccf,
SEP0026CBA82A42,Registered with KOFVZOFCCUCMSUB02.sa.kof.ccf,
SEP0026CBA82A43,None,
SEP0026CBA82A44,Registered with KOFVZOFCCUCMSUB01.sa.kof.ccf,
SEP0026CBA82A45,Registered with KOFVZOFCCUCMSUB01.sa.kof.ccf,
SEP0026CBA82A46,Registered with KOFVZOFCCUCMSUB02.sa.kof.ccf,
SEP00270DC4B13A,Registered with KOFVZOFCCUCMSUB02.sa.kof.ccf,
SEP00270DC4B1BF,Registered with KOFVZOFCCUCMSUB02.sa.kof.ccf,
SEP00270DC4B7BC,Registered with KOFVZOFCCUCMSUB01.sa.kof.ccf,
SEP0050600D7C11,Registered with KOFVZOFCCUCMSUB02.sa.kof.ccf,
SEP04DAD2BF85A2,Registered with KOFVZOFCCUCMSUB02.sa.kof.ccf,
SEP04DAD2BF95C7,Registered with KOFVZOFCCUCMSUB02.sa.kof.ccf,
SEP04FE7F68789F,Registered with KOFVZOFCCUCMSUB02.sa.kof.ccf,
SEP04FE7F687A11,Registered with KOFVZOFCCUCMSUB02.sa.kof.ccf,
SEP04FE7F687C36,Unregistered,
SEP04FE7F687E10,Registered with KOFVZOFCCUCMSUB02.sa.kof.ccf,
SEP04FE7F687E67,Registered with KOFVZOFCCUCMSUB02.sa.kof.ccf,
SEP04FE7F687ECF,None,
SEP0C8525A61E1B,Registered with KOFVZOFCCUCMSUB02.sa.kof.ccf,
SEP0C8525A70C9B,Registered with KOFVZOFCCUCMSUB02.sa.kof.ccf,
SEP0C8525A71596,Registered with KOFVZOFCCUCMSUB02.sa.kof.ccf,
SEP18339D14A0CF,Registered with KOFVZOFCCUCMSUB02.sa.kof.ccf,
SEP18339D150CFA,Registered with KOFVZOFCCUCMSUB02.sa.kof.ccf,
SEP1C17D336A6F3,Registered with KOFVZOFCCUCMSUB02.sa.kof.ccf,
SEP1C17D336A723,Registered with KOFVZOFCCUCMSUB02.sa.kof.ccf,
SEP1C17D336AE86,None,
SEP1C17D336AEED,Registered with KOFVZOFCCUCMSUB02.sa.kof.ccf,
SEP1C17D336AF66,Registered with KOFVZOFCCUCMSUB02.sa.kof.ccf,
SEP1C17D336AF9E,None,
SEP1C17D336CF72,Unregistered,
SEP1C17D336CFD7,Registered with KOFVZOFCCUCMSUB02.sa.kof.ccf,
SEP1C17D336CFE1,Registered with KOFVZOFCCUCMSUB02.sa.kof.ccf,
SEP1C17D336CFE4,Registered with KOFVZOFCCUCMSUB02.sa.kof.ccf,
SEP1C17D336D01A,Registered with KOFVZOFCCUCMSUB02.sa.kof.ccf,
SEP1C17D336D041,Registered with KOFVZOFCCUCMSUB02.sa.kof.ccf,
SEP1C17D336D074,Registered with KOFVZOFCCUCMSUB02.sa.kof.ccf,
SEP1C17D336D1AF,Registered with KOFVZOFCCUCMSUB02.sa.kof.ccf,
SEP1C17D336D1CE,Registered with KOFVZOFCCUCMSUB02.sa.kof.ccf,
SEP1C17D336D4CB,Registered with KOFVZOFCCUCMSUB02.sa.kof.ccf,
SEP1C17D336D751,Registered with KOFVZOFCCUCMSUB02.sa.kof.ccf,
SEP1C17D336DC81,Registered with KOFVZOFCCUCMSUB02.sa.kof.ccf,
SEP1C3947B48A83,Registered with KOFVZOFCCUCMSUB02.sa.kof.ccf,
SEP203A0722449B,Registered with KOFVZOFCCUCMSUB02.sa.kof.ccf,
SEP20BBC01E4FA9,Unregistered,
SEP20BBC01E5279,None,
SEP2893FEA354AB,Registered with KOFVZOFCCUCMSUB02.sa.kof.ccf,
SEP2893FEA390C2,Registered with KOFVZOFCCUCMSUB02.sa.kof.ccf,
SEP34A84E600581,Registered with KOFVZOFCCUCMSUB02.sa.kof.ccf,
SEP34A84E600667,Registered with KOFVZOFCCUCMSUB02.sa.kof.ccf,
SEP34A84E601743,Registered with KOFVZOFCCUCMSUB01.sa.kof.ccf,
SEP34A84E601775,Registered with KOFVZOFCCUCMSUB01.sa.kof.ccf,
SEP34A84E601837,Registered with KOFVZOFCCUCMSUB01.sa.kof.ccf,
SEP34A84E602B8E,Registered with KOFVZOFCCUCMSUB02.sa.kof.ccf,
SEP34A84E604144,Registered with KOFVZOFCCUCMSUB01.sa.kof.ccf,
SEP34A84E604222,Registered with KOFVZOFCCUCMSUB02.sa.kof.ccf,
SEP34A84E604228,Registered with KOFVZOFCCUCMSUB02.sa.kof.ccf,
SEP34A84E60427B,Unregistered,
SEP34A84E6042F5,Registered with KOFVZOFCCUCMSUB02.sa.kof.ccf,
SEP34A84E604414,Registered with KOFVZOFCCUCMSUB02.sa.kof.ccf,
SEP34A84E60448D,Registered with KOFVZOFCCUCMSUB01.sa.kof.ccf,
SEP34A84E604E1B,Registered with KOFVZOFCCUCMSUB01.sa.kof.ccf,
SEP34A84E604E1D,Registered with KOFVZOFCCUCMSUB02.sa.kof.ccf,
SEP38ED18E8CE66,None,
SEP38ED18E8CE73,Registered with KOFVZOFCCUCMSUB02.sa.kof.ccf,
SEP38ED18E8D289,Registered with KOFVZOFCCUCMSUB02.sa.kof.ccf,
SEP38ED18E96474,Registered with KOFVZOFCCUCMSUB02.sa.kof.ccf,
SEP38ED18E965CC,Registered with KOFVZOFCCUCMSUB02.sa.kof.ccf,
SEP38ED18E96716,Registered with KOFVZOFCCUCMSUB02.sa.kof.ccf,
SEP38ED18E96746,Registered with KOFVZOFCCUCMSUB01.sa.kof.ccf,
SEP38ED18E967AD,Registered with KOFVZOFCCUCMSUB01.sa.kof.ccf,
SEP38ED18E96847,Registered with KOFVZOFCCUCMSUB02.sa.kof.ccf,
SEP38ED18E96896,Registered with KOFVZOFCCUCMSUB02.sa.kof.ccf,
SEP38ED18E968AF,Registered with KOFVZOFCCUCMSUB02.sa.kof.ccf,
SEP38ED18E968B3,Registered with KOFVZOFCCUCMSUB02.sa.kof.ccf,
SEP38ED18E968D1,Registered with KOFVZOFCCUCMSUB02.sa.kof.ccf,
SEP38ED18E96975,Registered with KOFVZOFCCUCMSUB02.sa.kof.ccf,
SEP38ED18E96977,Registered with KOFVZOFCCUCMSUB02.sa.kof.ccf,
SEP38ED18E96A21,Registered with KOFVZOFCCUCMSUB02.sa.kof.ccf,
SEP38ED18E96AA7,Registered with KOFVZOFCCUCMSUB02.sa.kof.ccf,
SEP38ED18E96B09,Registered with KOFVZOFCCUCMSUB02.sa.kof.ccf,
SEP38ED18E96BDE,Registered with KOFVZOFCCUCMSUB02.sa.kof.ccf,
SEP5475D02AD6CA,Registered with KOFVZOFCCUCMSUB02.sa.kof.ccf,
SEP5475D02AE2AB,Registered with KOFVZOFCCUCMSUB02.sa.kof.ccf,
SEP5475D02AE2C3,Registered with KOFVZOFCCUCMSUB01.sa.kof.ccf,
SEP5475D02AE2C4,None,
SEP5475D02AE2C6,Registered with KOFVZOFCCUCMSUB02.sa.kof.ccf,
SEP5475D02AE2C7,Registered with KOFVZOFCCUCMSUB02.sa.kof.ccf,
SEP5475D02AE2C9,Registered with KOFVZOFCCUCMSUB01.sa.kof.ccf,
SEP5475D02AE2EF,Registered with KOFVZOFCCUCMSUB01.sa.kof.ccf,
SEP5475D02AE32F,Registered with KOFVZOFCCUCMSUB02.sa.kof.ccf,
SEP5475D02AE336,Registered with KOFVZOFCCUCMSUB01.sa.kof.ccf,
SEP5475D02AE33B,Registered with KOFVZOFCCUCMSUB01.sa.kof.ccf,
SEP5475D02AE3F0,Registered with KOFVZOFCCUCMSUB02.sa.kof.ccf,
SEP5475D02AE3FE,Registered with KOFVZOFCCUCMSUB02.sa.kof.ccf,
SEP5475D02AE43E,Registered with KOFVZOFCCUCMSUB02.sa.kof.ccf,
SEP5475D02AE491,None,
SEP5475D02AE4A3,Registered with KOFVZOFCCUCMSUB02.sa.kof.ccf,
SEP5475D02AE4DC,Registered with KOFVZOFCCUCMSUB01.sa.kof.ccf,
SEP5475D02AE4E0,Registered with KOFVZOFCCUCMSUB01.sa.kof.ccf,
SEP5475D02AE55D,Registered with KOFVZOFCCUCMSUB02.sa.kof.ccf,
SEP5475D02AE560,Registered with KOFVZOFCCUCMSUB02.sa.kof.ccf,
SEP5475D02AE562,Registered with KOFVZOFCCUCMSUB02.sa.kof.ccf,
SEP5475D02AE577,Registered with KOFVZOFCCUCMSUB02.sa.kof.ccf,
SEP5475D02AE588,Registered with KOFVZOFCCUCMSUB02.sa.kof.ccf,
SEP5475D02AE592,Registered with KOFVZOFCCUCMSUB02.sa.kof.ccf,
SEP5475D02AE5C1,Unregistered,
SEP5475D02AE5C8,Registered with KOFVZOFCCUCMSUB01.sa.kof.ccf,
SEP5475D02AE5E1,Registered with KOFVZOFCCUCMSUB01.sa.kof.ccf,
SEP5475D02AE5EB,Registered with KOFVZOFCCUCMSUB01.sa.kof.ccf,
SEP5475D02AE5EC,Registered with KOFVZOFCCUCMSUB02.sa.kof.ccf,
SEP5475D02AE609,Registered with KOFVZOFCCUCMSUB01.sa.kof.ccf,
SEP5475D02AE60B,Registered with KOFVZOFCCUCMSUB01.sa.kof.ccf,
SEP5475D02AE671,Registered with KOFVZOFCCUCMSUB01.sa.kof.ccf,
SEP5475D02AE685,None,
SEP5475D02AE689,Registered with KOFVZOFCCUCMSUB02.sa.kof.ccf,
SEP5475D02AE6D9,Registered with KOFVZOFCCUCMSUB01.sa.kof.ccf,
SEP5475D02AE6E0,Registered with KOFVZOFCCUCMSUB01.sa.kof.ccf,
SEP5475D02AEA02,Registered with KOFVZOFCCUCMSUB01.sa.kof.ccf,
SEP5475D02AEA08,Registered with KOFVZOFCCUCMSUB01.sa.kof.ccf,
SEP5475D02AEA0E,Registered with KOFVZOFCCUCMSUB02.sa.kof.ccf,
SEP5475D02AEA14,Registered with KOFVZOFCCUCMSUB01.sa.kof.ccf,
SEP5475D02AEA29,Registered with KOFVZOFCCUCMSUB02.sa.kof.ccf,
SEP5475D02AEA52,Registered with KOFVZOFCCUCMSUB02.sa.kof.ccf,
SEP5475D02AEA54,Registered with KOFVZOFCCUCMSUB01.sa.kof.ccf,
SEP5475D02AEA59,Registered with KOFVZOFCCUCMSUB01.sa.kof.ccf,
SEP5475D02AEA68,Registered with KOFVZOFCCUCMSUB01.sa.kof.ccf,
SEP5475D02AEA88,Registered with KOFVZOFCCUCMSUB02.sa.kof.ccf,
SEP5475D02AEAA2,Registered with KOFVZOFCCUCMSUB01.sa.kof.ccf,
SEP5475D02AEACA,Registered with KOFVZOFCCUCMSUB01.sa.kof.ccf,
SEP5475D02AEADB,Registered with KOFVZOFCCUCMSUB01.sa.kof.ccf,
SEP5475D02AEADC,Registered with KOFVZOFCCUCMSUB01.sa.kof.ccf,
SEP5475D02AEAE3,Registered with KOFVZOFCCUCMSUB02.sa.kof.ccf,
SEP5475D02AEB1F,Registered with KOFVZOFCCUCMSUB01.sa.kof.ccf,
SEP5475D02AEB2E,Registered with KOFVZOFCCUCMSUB01.sa.kof.ccf,
SEP5475D02AEB31,Registered with KOFVZOFCCUCMSUB02.sa.kof.ccf,
SEP5475D02AEB36,Registered with KOFVZOFCCUCMSUB01.sa.kof.ccf,
SEP5475D02AEB4E,Registered with KOFVZOFCCUCMSUB01.sa.kof.ccf,
SEP5475D02AEB5A,Registered with KOFVZOFCCUCMSUB01.sa.kof.ccf,
SEP5475D02AEB6E,Registered with KOFVZOFCCUCMSUB02.sa.kof.ccf,
SEP5475D02AEB70,Registered with KOFVZOFCCUCMSUB02.sa.kof.ccf,
SEP5475D02AEB77,Registered with KOFVZOFCCUCMSUB01.sa.kof.ccf,
SEP5475D02AEB78,None,
SEP5475D02AEB79,Registered with KOFVZOFCCUCMSUB01.sa.kof.ccf,
SEP5475D02AEB7A,Registered with KOFVZOFCCUCMSUB02.sa.kof.ccf,
SEP5475D02AEB88,Registered with KOFVZOFCCUCMSUB01.sa.kof.ccf,
SEP5475D02AEB93,Registered with KOFVZOFCCUCMSUB01.sa.kof.ccf,
SEP5475D02AEBB6,Registered with KOFVZOFCCUCMSUB01.sa.kof.ccf,
SEP5475D02AEBCD,Registered with KOFVZOFCCUCMSUB01.sa.kof.ccf,
SEP5475D02AEBD2,Registered with KOFVZOFCCUCMSUB02.sa.kof.ccf,
SEP5475D02AED94,Registered with KOFVZOFCCUCMSUB01.sa.kof.ccf,
SEP5475D02AEE1C,Registered with KOFVZOFCCUCMSUB02.sa.kof.ccf,
SEP5475D02AEE32,Registered with KOFVZOFCCUCMSUB01.sa.kof.ccf,
SEP5475D02AF1DD,Registered with KOFVZOFCCUCMSUB02.sa.kof.ccf,
SEP54781A1CA13C,Registered with KOFVZOFCCUCMSUB02.sa.kof.ccf,
SEP54781A1D1656,Registered with KOFVZOFCCUCMSUB02.sa.kof.ccf,
SEP54781A1D1975,Registered with KOFVZOFCCUCMSUB02.sa.kof.ccf,
SEP54781A1D1F14,Registered with KOFVZOFCCUCMSUB02.sa.kof.ccf,
SEP54781A1D1F45,Registered with KOFVZOFCCUCMSUB02.sa.kof.ccf,
SEP54781A1D4AA5,Registered with KOFVZOFCCUCMSUB02.sa.kof.ccf,
SEP54781A1D4AD2,Registered with KOFVZOFCCUCMSUB02.sa.kof.ccf,
SEP54781A1D4F29,Registered with KOFVZOFCCUCMSUB02.sa.kof.ccf,
SEP54781A1D9012,Registered with KOFVZOFCCUCMSUB01.sa.kof.ccf,
SEP54781AE00401,Registered with KOFVZOFCCUCMSUB01.sa.kof.ccf,
SEP588D0972596E,Registered with KOFVZOFCCUCMSUB02.sa.kof.ccf,
SEP58971ECCAF98,Registered with KOFVZOFCCUCMSUB02.sa.kof.ccf,
SEP58971ECCB8CF,Registered with KOFVZOFCCUCMSUB02.sa.kof.ccf,
SEP64168D51ECD0,Registered with KOFVZOFCCUCMSUB02.sa.kof.ccf,
SEP64168D51ECF7,Registered with KOFVZOFCCUCMSUB02.sa.kof.ccf,
SEP64168DBB0A19,Registered with KOFVZOFCCUCMSUB02.sa.kof.ccf,
SEP64168DBB3A71,Registered with KOFVZOFCCUCMSUB02.sa.kof.ccf,
SEP64168DBB3DE6,Registered with KOFVZOFCCUCMSUB02.sa.kof.ccf,
SEP64168DBBCED9,Registered with KOFVZOFCCUCMSUB02.sa.kof.ccf,
SEP64168DBBCEF2,Registered with KOFVZOFCCUCMSUB02.sa.kof.ccf,
SEP6886A7427F0F,Registered with KOFVZOFCCUCMSUB02.sa.kof.ccf,
SEP6886A7427F44,Registered with KOFVZOFCCUCMSUB02.sa.kof.ccf,
SEP6886A74280F9,Registered with KOFVZOFCCUCMSUB02.sa.kof.ccf,
SEP6886A74281B2,Registered with KOFVZOFCCUCMSUB01.sa.kof.ccf,
SEP6886A7428306,Registered with KOFVZOFCCUCMSUB02.sa.kof.ccf,
SEP6886A742832D,Registered with KOFVZOFCCUCMSUB02.sa.kof.ccf,
SEP6886A742832F,Registered with KOFVZOFCCUCMSUB02.sa.kof.ccf,
SEP6886A742833F,Registered with KOFVZOFCCUCMSUB02.sa.kof.ccf,
SEP6886A742836D,Registered with KOFVZOFCCUCMSUB01.sa.kof.ccf,
SEP6886A74283DA,Registered with KOFVZOFCCUCMSUB02.sa.kof.ccf,
SEP6886A7428499,Registered with KOFVZOFCCUCMSUB02.sa.kof.ccf,
SEP6886A74284DF,Registered with KOFVZOFCCUCMSUB02.sa.kof.ccf,
SEP6886A74284E6,Registered with KOFVZOFCCUCMSUB01.sa.kof.ccf,
SEP6886A74284E7,None,
SEP6886A7428510,Registered with KOFVZOFCCUCMSUB02.sa.kof.ccf,
SEP6886A7428541,Registered with KOFVZOFCCUCMSUB02.sa.kof.ccf,
SEP6886A7428909,Registered with KOFVZOFCCUCMSUB01.sa.kof.ccf,
SEP6886A7428986,Registered with KOFVZOFCCUCMSUB01.sa.kof.ccf,
SEP6886A742C0E4,None,
SEP6886A742C0E8,Registered with KOFVZOFCCUCMSUB02.sa.kof.ccf,
SEP6886A742C11B,None,
SEP6886A742C122,Registered with KOFVZOFCCUCMSUB02.sa.kof.ccf,
SEP705A0F8DBC4E,Unregistered,
SEP8875567BDFA4,Registered with KOFVZOFCCUCMSUB02.sa.kof.ccf,
SEP8875567BDFF7,Registered with KOFVZOFCCUCMSUB01.sa.kof.ccf,
SEP8875567BE12F,Registered with KOFVZOFCCUCMSUB01.sa.kof.ccf,
SEP8875567BE144,Registered with KOFVZOFCCUCMSUB01.sa.kof.ccf,
SEP8875567BE206,Registered with KOFVZOFCCUCMSUB01.sa.kof.ccf,
SEP94D4692A3CBA,None,
SEP94D4692A3D59,Registered with KOFVZOFCCUCMSUB02.sa.kof.ccf,
SEP94D4692A3E17,Registered with KOFVZOFCCUCMSUB02.sa.kof.ccf,
SEP94D4692A3EB6,Registered with KOFVZOFCCUCMSUB02.sa.kof.ccf,
SEP94D4692A400E,Registered with KOFVZOFCCUCMSUB02.sa.kof.ccf,
SEP94D4692A402D,None,
SEP9CAFCA84B5EE,Registered with KOFVZOFCCUCMSUB02.sa.kof.ccf,
SEP9CAFCA84CE86,Registered with KOFVZOFCCUCMSUB02.sa.kof.ccf,
SEP9CAFCA854F88,Registered with KOFVZOFCCUCMSUB02.sa.kof.ccf,
SEP9CAFCA854F8F,Registered with KOFVZOFCCUCMSUB02.sa.kof.ccf,
SEP9CAFCA855245,Registered with KOFVZOFCCUCMSUB02.sa.kof.ccf,
SEP9CAFCA859C45,Registered with KOFVZOFCCUCMSUB02.sa.kof.ccf,
SEP9CAFCA85A02B,Registered with KOFVZOFCCUCMSUB02.sa.kof.ccf,
SEP9CAFCA85A045,Registered with KOFVZOFCCUCMSUB02.sa.kof.ccf,
SEP9CAFCA85A1A5,Registered with KOFVZOFCCUCMSUB02.sa.kof.ccf,
SEP9CAFCA85A1A7,Registered with KOFVZOFCCUCMSUB02.sa.kof.ccf,
SEP9CAFCA85A569,Registered with KOFVZOFCCUCMSUB02.sa.kof.ccf,
SEP9CAFCA85B308,Registered with KOFVZOFCCUCMSUB02.sa.kof.ccf,
SEP9CAFCA85B497,Registered with KOFVZOFCCUCMSUB02.sa.kof.ccf,
SEP9CAFCA85B50D,None,
SEP9CAFCA85E6E1,Registered with KOFVZOFCCUCMSUB02.sa.kof.ccf,
SEP9CAFCA85E729,Registered with KOFVZOFCCUCMSUB02.sa.kof.ccf,
SEP9CAFCA85E737,Registered with KOFVZOFCCUCMSUB02.sa.kof.ccf,
SEP9CAFCA85E8C3,Registered with KOFVZOFCCUCMSUB02.sa.kof.ccf,
SEP9CAFCAFE51F8,Registered with KOFVZOFCCUCMSUB02.sa.kof.ccf,
SEP9CAFCAFE54F3,Registered with KOFVZOFCCUCMSUB02.sa.kof.ccf,
SEP9CAFCAFE55C4,Registered with KOFVZOFCCUCMSUB02.sa.kof.ccf,
SEP9CAFCAFEE74E,Registered with KOFVZOFCCUCMSUB02.sa.kof.ccf,
SEP9CAFCAFEE8B6,Registered with KOFVZOFCCUCMSUB02.sa.kof.ccf,
SEP9CAFCAFEED0A,Registered with KOFVZOFCCUCMSUB02.sa.kof.ccf,
SEP9CAFCAFEEDA0,Registered with KOFVZOFCCUCMSUB02.sa.kof.ccf,
SEP9CAFCAFEF2C6,Registered with KOFVZOFCCUCMSUB02.sa.kof.ccf,
SEP9CAFCAFEF2CD,Registered with KOFVZOFCCUCMSUB01.sa.kof.ccf,
SEP9CAFCAFEF2CF,Registered with KOFVZOFCCUCMSUB02.sa.kof.ccf,
SEP9CAFCAFEF313,Registered with KOFVZOFCCUCMSUB02.sa.kof.ccf,
SEP9CAFCAFEF314,Registered with KOFVZOFCCUCMSUB02.sa.kof.ccf,
SEP9CAFCAFEF31C,Registered with KOFVZOFCCUCMSUB02.sa.kof.ccf,
SEP9CAFCAFEF359,Registered with KOFVZOFCCUCMSUB02.sa.kof.ccf,
SEP9CAFCAFEF44E,Registered with KOFVZOFCCUCMSUB01.sa.kof.ccf,
SEP9CAFCAFEF451,None,
SEP9CAFCAFEF460,Registered with KOFVZOFCCUCMSUB02.sa.kof.ccf,
SEP9CAFCAFEF463,Registered with KOFVZOFCCUCMSUB02.sa.kof.ccf,
SEP9CAFCAFEF48B,Registered with KOFVZOFCCUCMSUB02.sa.kof.ccf,
SEP9CAFCAFEF4A2,Registered with KOFVZOFCCUCMSUB02.sa.kof.ccf,
SEP9CAFCAFEF542,Registered with KOFVZOFCCUCMSUB02.sa.kof.ccf,
SEP9CAFCAFEF7F0,Registered with KOFVZOFCCUCMSUB02.sa.kof.ccf,
SEP9CAFCAFEF89F,Registered with KOFVZOFCCUCMSUB02.sa.kof.ccf,
SEP9CAFCAFEFC93,Registered with KOFVZOFCCUCMSUB02.sa.kof.ccf,
SEP9CAFCAFEFC98,Registered with KOFVZOFCCUCMSUB02.sa.kof.ccf,
SEP9CAFCAFEFEBD,Registered with KOFVZOFCCUCMSUB02.sa.kof.ccf,
SEP9CAFCAFF0053,Registered with KOFVZOFCCUCMSUB02.sa.kof.ccf,
SEP9CAFCAFF00DE,Registered with KOFVZOFCCUCMSUB02.sa.kof.ccf,
SEP9CAFCAFF3A63,Registered with KOFVZOFCCUCMSUB02.sa.kof.ccf,
SEP9CAFCAFF3AED,Registered with KOFVZOFCCUCMSUB01.sa.kof.ccf,
SEP9CAFCAFF3B36,Registered with KOFVZOFCCUCMSUB02.sa.kof.ccf,
SEP9CAFCAFF3B3A,Registered with KOFVZOFCCUCMSUB02.sa.kof.ccf,
SEP9CAFCAFF3B9E,Registered with KOFVZOFCCUCMSUB02.sa.kof.ccf,
SEP9CAFCAFF3BF6,Registered with KOFVZOFCCUCMSUB02.sa.kof.ccf,
SEP9CAFCAFF3C14,Registered with KOFVZOFCCUCMSUB01.sa.kof.ccf,
SEP9CAFCAFF3C3F,Registered with KOFVZOFCCUCMSUB02.sa.kof.ccf,
SEP9CAFCAFF3CD3,Registered with KOFVZOFCCUCMSUB02.sa.kof.ccf,
SEP9CAFCAFF3CD7,Registered with KOFVZOFCCUCMSUB02.sa.kof.ccf,
SEP9CAFCAFF3D1D,Registered with KOFVZOFCCUCMSUB02.sa.kof.ccf,
SEP9CAFCAFF3D45,Registered with KOFVZOFCCUCMSUB02.sa.kof.ccf,
SEP9CAFCAFF3D71,Registered with KOFVZOFCCUCMSUB02.sa.kof.ccf,
SEP9CAFCAFF3D72,Registered with KOFVZOFCCUCMSUB02.sa.kof.ccf,
SEP9CAFCAFF3D74,Registered with KOFVZOFCCUCMSUB02.sa.kof.ccf,
SEP9CAFCAFF3D8C,Registered with KOFVZOFCCUCMSUB01.sa.kof.ccf,
SEP9CAFCAFF3D90,Registered with KOFVZOFCCUCMSUB02.sa.kof.ccf,
SEP9CAFCAFF3D91,None,
SEP9CAFCAFF3D94,Registered with KOFVZOFCCUCMSUB02.sa.kof.ccf,
SEP9CAFCAFF3D9B,Registered with KOFVZOFCCUCMSUB02.sa.kof.ccf,
SEP9CAFCAFF3D9C,None,
SEP9CAFCAFF3DDB,Registered with KOFVZOFCCUCMSUB02.sa.kof.ccf,
SEP9CAFCAFF3DE3,Registered with KOFVZOFCCUCMSUB02.sa.kof.ccf,
SEP9CAFCAFF3E13,Registered with KOFVZOFCCUCMSUB02.sa.kof.ccf,
SEP9CAFCAFF3E1B,Registered with KOFVZOFCCUCMSUB02.sa.kof.ccf,
SEP9CAFCAFF3E26,Registered with KOFVZOFCCUCMSUB02.sa.kof.ccf,
SEP9CAFCAFF3E28,Registered with KOFVZOFCCUCMSUB02.sa.kof.ccf,
SEP9CAFCAFF3E48,Registered with KOFVZOFCCUCMSUB02.sa.kof.ccf,
SEP9CAFCAFF3E9D,Registered with KOFVZOFCCUCMSUB02.sa.kof.ccf,
SEP9CAFCAFF3EA0,Registered with KOFVZOFCCUCMSUB02.sa.kof.ccf,
SEP9CAFCAFF3EA6,Registered with KOFVZOFCCUCMSUB02.sa.kof.ccf,
SEP9CAFCAFF3ECD,Registered with KOFVZOFCCUCMSUB02.sa.kof.ccf,
SEP9CAFCAFF3ED1,Registered with KOFVZOFCCUCMSUB02.sa.kof.ccf,
SEP9CAFCAFF3EDA,Registered with KOFVZOFCCUCMSUB02.sa.kof.ccf,
SEP9CAFCAFF3EED,Registered with KOFVZOFCCUCMSUB02.sa.kof.ccf,
SEP9CAFCAFF3EEE,Registered with KOFVZOFCCUCMSUB02.sa.kof.ccf,
SEP9CAFCAFF3EF6,Registered with KOFVZOFCCUCMSUB02.sa.kof.ccf,
SEP9CAFCAFF3F81,Registered with KOFVZOFCCUCMSUB02.sa.kof.ccf,
SEP9CAFCAFF3F93,Registered with KOFVZOFCCUCMSUB01.sa.kof.ccf,
SEPA418758BD394,Registered with KOFVZOFCCUCMSUB01.sa.kof.ccf,
SEPA418758BDED3,Registered with KOFVZOFCCUCMSUB02.sa.kof.ccf,
SEPA4934CBF8A02,Registered with KOFVZOFCCUCMSUB02.sa.kof.ccf,
SEPA4934CBF8A12,Registered with KOFVZOFCCUCMSUB02.sa.kof.ccf,
SEPA4934CBF9211,Registered with KOFVZOFCCUCMSUB02.sa.kof.ccf,
SEPA4934CBF921A,Registered with KOFVZOFCCUCMSUB02.sa.kof.ccf,
SEPA4934CBF9231,Registered with KOFVZOFCCUCMSUB01.sa.kof.ccf,
SEPA4934CBF926D,Registered with KOFVZOFCCUCMSUB01.sa.kof.ccf,
SEPA4934CBF9271,Registered with KOFVZOFCCUCMSUB02.sa.kof.ccf,
SEPA4934CBF927C,None,
SEPA4934CBF9283,Registered with KOFVZOFCCUCMSUB01.sa.kof.ccf,
SEPA4934CBF92DB,Registered with KOFVZOFCCUCMSUB01.sa.kof.ccf,
SEPA4934CBF92DF,Registered with KOFVZOFCCUCMSUB02.sa.kof.ccf,
SEPA4934CBF9314,Registered with KOFVZOFCCUCMSUB02.sa.kof.ccf,
SEPA4934CBF931A,Registered with KOFVZOFCCUCMSUB02.sa.kof.ccf,
SEPA4934CBF931F,Registered with KOFVZOFCCUCMSUB01.sa.kof.ccf,
SEPA4934CBF9332,Registered with KOFVZOFCCUCMSUB01.sa.kof.ccf,
SEPA4934CBF9333,Registered with KOFVZOFCCUCMSUB02.sa.kof.ccf,
SEPA4934CBF9364,Registered with KOFVZOFCCUCMSUB01.sa.kof.ccf,
SEPA4934CBF997C,Registered with KOFVZOFCCUCMSUB01.sa.kof.ccf,
SEPA4934CBF9996,Registered with KOFVZOFCCUCMSUB01.sa.kof.ccf,
SEPA4934CBF99B5,Registered with KOFVZOFCCUCMSUB02.sa.kof.ccf,
SEPA4934CBF99BD,Registered with KOFVZOFCCUCMSUB02.sa.kof.ccf,
SEPA4934CBF99BE,Registered with KOFVZOFCCUCMSUB02.sa.kof.ccf,
SEPA4934CBF99C4,Registered with KOFVZOFCCUCMSUB02.sa.kof.ccf,
SEPA4934CBF99EF,Registered with KOFVZOFCCUCMSUB02.sa.kof.ccf,
SEPA4934CBF99F7,Registered with KOFVZOFCCUCMSUB01.sa.kof.ccf,
SEPA4934CBF9A14,Registered with KOFVZOFCCUCMSUB02.sa.kof.ccf,
SEPA4934CBF9A18,None,
SEPA4934CBF9A1F,Registered with KOFVZOFCCUCMSUB01.sa.kof.ccf,
SEPA4934CBF9A3D,Registered with KOFVZOFCCUCMSUB02.sa.kof.ccf,
SEPA4934CBF9A3F,Registered with KOFVZOFCCUCMSUB02.sa.kof.ccf,
SEPA4934CBF9C19,Unregistered,
SEPA4934CBF9C75,Registered with KOFVZOFCCUCMSUB02.sa.kof.ccf,
SEPA4934CBF9C80,Registered with KOFVZOFCCUCMSUB02.sa.kof.ccf,
SEPA4934CBFA11A,Registered with KOFVZOFCCUCMSUB02.sa.kof.ccf,
SEPAC44F214246B,Registered with KOFVZOFCCUCMSUB01.sa.kof.ccf,
SEPAC44F21435D9,Registered with KOFVZOFCCUCMSUB02.sa.kof.ccf,
SEPAC7E8A2A0921,Registered with KOFVZOFCCUCMSUB02.sa.kof.ccf,
SEPAC7E8A2A09DD,Registered with KOFVZOFCCUCMSUB01.sa.kof.ccf,
SEPAC7E8A2A0AEB,Unregistered,
SEPAC7E8A2A0B23,None,
SEPAC7E8A2A0BA5,Registered with KOFVZOFCCUCMSUB02.sa.kof.ccf,
SEPAC7E8A2A0C9F,Registered with KOFVZOFCCUCMSUB01.sa.kof.ccf,
SEPAC7E8A2A0CE7,Registered with KOFVZOFCCUCMSUB02.sa.kof.ccf,
SEPB07D47C1D05E,Registered with KOFVZOFCCUCMSUB02.sa.kof.ccf,
SEPB4E9B0013FE9,Registered with KOFVZOFCCUCMSUB02.sa.kof.ccf,
SEPB4E9B0015C6E,Registered with KOFVZOFCCUCMSUB02.sa.kof.ccf,
SEPB4E9B00189D3,Registered with KOFVZOFCCUCMSUB02.sa.kof.ccf,
SEPB4E9B08C6B1A,Registered with KOFVZOFCCUCMSUB01.sa.kof.ccf,
SEPC471FE437A72,Registered with KOFVZOFCCUCMSUB02.sa.kof.ccf,
SEPC471FE437B2E,Registered with KOFVZOFCCUCMSUB02.sa.kof.ccf,
SEPC471FE437B33,Registered with KOFVZOFCCUCMSUB02.sa.kof.ccf,
SEPC471FE437B3B,Registered with KOFVZOFCCUCMSUB01.sa.kof.ccf,
SEPC471FE437B77,Registered with KOFVZOFCCUCMSUB02.sa.kof.ccf,
SEPC471FE437BE5,Registered with KOFVZOFCCUCMSUB02.sa.kof.ccf,
SEPC471FE437D30,Registered with KOFVZOFCCUCMSUB02.sa.kof.ccf,
SEPC471FE437FFB,Registered with KOFVZOFCCUCMSUB02.sa.kof.ccf,
SEPC471FE438004,Registered with KOFVZOFCCUCMSUB02.sa.kof.ccf,
SEPC471FE438012,Registered with KOFVZOFCCUCMSUB02.sa.kof.ccf,
SEPC471FE4383A2,Registered with KOFVZOFCCUCMSUB01.sa.kof.ccf,
SEPC471FE4383A3,Registered with KOFVZOFCCUCMSUB02.sa.kof.ccf,
SEPC471FE4383A5,Registered with KOFVZOFCCUCMSUB02.sa.kof.ccf,
SEPC471FE4383A6,Registered with KOFVZOFCCUCMSUB02.sa.kof.ccf,
SEPC471FE4383A7,Registered with KOFVZOFCCUCMSUB02.sa.kof.ccf,
SEPC471FE4383A8,Registered with KOFVZOFCCUCMSUB02.sa.kof.ccf,
SEPC471FE4383A9,Registered with KOFVZOFCCUCMSUB02.sa.kof.ccf,
SEPC471FE4383AA,Registered with KOFVZOFCCUCMSUB02.sa.kof.ccf,
SEPC471FE4383AC,Registered with KOFVZOFCCUCMSUB01.sa.kof.ccf,
SEPC471FE4383AE,Registered with KOFVZOFCCUCMSUB02.sa.kof.ccf,
SEPC471FE4383AF,Registered with KOFVZOFCCUCMSUB02.sa.kof.ccf,
SEPC471FE4383B1,Registered with KOFVZOFCCUCMSUB02.sa.kof.ccf,
SEPC471FE4383B6,Registered with KOFVZOFCCUCMSUB01.sa.kof.ccf,
SEPC471FE4383B8,Registered with KOFVZOFCCUCMSUB02.sa.kof.ccf,
SEPC471FE4383C3,Registered with KOFVZOFCCUCMSUB01.sa.kof.ccf,
SEPC471FE4383C6,Registered with KOFVZOFCCUCMSUB02.sa.kof.ccf,
SEPC471FE4383C7,Registered with KOFVZOFCCUCMSUB02.sa.kof.ccf,
SEPC471FE4383C9,Registered with KOFVZOFCCUCMSUB02.sa.kof.ccf,
SEPC471FE4383CA,Registered with KOFVZOFCCUCMSUB02.sa.kof.ccf,
SEPC471FE4383CB,Registered with KOFVZOFCCUCMSUB02.sa.kof.ccf,
SEPC471FE4383CD,Registered with KOFVZOFCCUCMSUB02.sa.kof.ccf,
SEPC471FE4383D0,Registered with KOFVZOFCCUCMSUB02.sa.kof.ccf,
SEPC471FE4383D5,Registered with KOFVZOFCCUCMSUB02.sa.kof.ccf,
SEPC471FE4383DA,Registered with KOFVZOFCCUCMSUB01.sa.kof.ccf,
SEPC471FE4383DC,Registered with KOFVZOFCCUCMSUB02.sa.kof.ccf,
SEPC471FE4383E0,Registered with KOFVZOFCCUCMSUB02.sa.kof.ccf,
SEPC471FE4383E2,Registered with KOFVZOFCCUCMSUB01.sa.kof.ccf,
SEPC471FE4383F5,Registered with KOFVZOFCCUCMSUB01.sa.kof.ccf,
SEPC471FE4383F7,Registered with KOFVZOFCCUCMSUB02.sa.kof.ccf,
SEPC471FE4383FA,Registered with KOFVZOFCCUCMSUB02.sa.kof.ccf,
SEPC471FE4383FC,Registered with KOFVZOFCCUCMSUB01.sa.kof.ccf,
SEPC471FE438401,None,
SEPC471FE438402,Registered with KOFVZOFCCUCMSUB02.sa.kof.ccf,
SEPC471FE438403,Registered with KOFVZOFCCUCMSUB02.sa.kof.ccf,
SEPC471FE438404,Registered with KOFVZOFCCUCMSUB02.sa.kof.ccf,
SEPC471FE438409,Registered with KOFVZOFCCUCMSUB02.sa.kof.ccf,
SEPC471FE43840D,Registered with KOFVZOFCCUCMSUB01.sa.kof.ccf,
SEPC471FE43840F,Registered with KOFVZOFCCUCMSUB02.sa.kof.ccf,
SEPC471FE438468,Registered with KOFVZOFCCUCMSUB02.sa.kof.ccf,
SEPC471FE4384A7,Registered with KOFVZOFCCUCMSUB02.sa.kof.ccf,
SEPC471FE4384C8,Unregistered,
SEPC471FE4384DF,Registered with KOFVZOFCCUCMSUB01.sa.kof.ccf,
SEPC471FE4384F3,Registered with KOFVZOFCCUCMSUB02.sa.kof.ccf,
SEPC471FE4384F4,Registered with KOFVZOFCCUCMSUB02.sa.kof.ccf,
SEPC471FE4384F5,Registered with KOFVZOFCCUCMSUB02.sa.kof.ccf,
SEPC471FE4384F6,Registered with KOFVZOFCCUCMSUB02.sa.kof.ccf,
SEPC471FE4384FA,Registered with KOFVZOFCCUCMSUB02.sa.kof.ccf,
SEPC471FE4384FC,Registered with KOFVZOFCCUCMSUB02.sa.kof.ccf,
SEPC471FE4384FE,Registered with KOFVZOFCCUCMSUB02.sa.kof.ccf,
SEPC471FE438500,Registered with KOFVZOFCCUCMSUB02.sa.kof.ccf,
SEPC471FE438501,Registered with KOFVZOFCCUCMSUB01.sa.kof.ccf,
SEPC471FE438502,Registered with KOFVZOFCCUCMSUB02.sa.kof.ccf,
SEPC471FE438504,Registered with KOFVZOFCCUCMSUB01.sa.kof.ccf,
SEPC471FE438505,Registered with KOFVZOFCCUCMSUB02.sa.kof.ccf,
SEPC471FE438506,Registered with KOFVZOFCCUCMSUB02.sa.kof.ccf,
SEPC471FE43850B,Registered with KOFVZOFCCUCMSUB02.sa.kof.ccf,
SEPC471FE4385D5,Registered with KOFVZOFCCUCMSUB02.sa.kof.ccf,
SEPC471FE4385D6,Registered with KOFVZOFCCUCMSUB02.sa.kof.ccf,
SEPC471FE4385E2,Registered with KOFVZOFCCUCMSUB02.sa.kof.ccf,
SEPC471FE4385E7,Registered with KOFVZOFCCUCMSUB02.sa.kof.ccf,
SEPC471FE4385E9,Registered with KOFVZOFCCUCMSUB02.sa.kof.ccf,
SEPC471FE438609,Registered with KOFVZOFCCUCMSUB01.sa.kof.ccf,
SEPC471FE43860A,Registered with KOFVZOFCCUCMSUB02.sa.kof.ccf,
SEPC471FE43860B,Unregistered,
SEPC471FE43860E,Registered with KOFVZOFCCUCMSUB02.sa.kof.ccf,
SEPC471FE43860F,Registered with KOFVZOFCCUCMSUB02.sa.kof.ccf,
SEPC471FE438615,Registered with KOFVZOFCCUCMSUB01.sa.kof.ccf,
SEPC471FE4386FB,Registered with KOFVZOFCCUCMSUB02.sa.kof.ccf,
SEPC471FE4386FC,Registered with KOFVZOFCCUCMSUB02.sa.kof.ccf,
SEPC471FE4386FD,None,
SEPC471FE4386FF,Registered with KOFVZOFCCUCMSUB02.sa.kof.ccf,
SEPC471FE438703,Registered with KOFVZOFCCUCMSUB02.sa.kof.ccf,
SEPC471FE438705,Unregistered,
SEPC471FE438707,Registered with KOFVZOFCCUCMSUB02.sa.kof.ccf,
SEPC471FE43870B,Registered with KOFVZOFCCUCMSUB02.sa.kof.ccf,
SEPC471FE438712,Registered with KOFVZOFCCUCMSUB02.sa.kof.ccf,
SEPC471FE43871B,Registered with KOFVZOFCCUCMSUB02.sa.kof.ccf,
SEPC471FE438726,Registered with KOFVZOFCCUCMSUB02.sa.kof.ccf,
SEPC471FE43872B,Registered with KOFVZOFCCUCMSUB02.sa.kof.ccf,
SEPC471FE43872C,Registered with KOFVZOFCCUCMSUB02.sa.kof.ccf,
SEPC471FE43872F,Registered with KOFVZOFCCUCMSUB02.sa.kof.ccf,
SEPC471FE438730,Registered with KOFVZOFCCUCMSUB02.sa.kof.ccf,
SEPC471FE438734,Registered with KOFVZOFCCUCMSUB02.sa.kof.ccf,
SEPC471FE438736,Registered with KOFVZOFCCUCMSUB02.sa.kof.ccf,
SEPC471FE438737,None,
SEPC471FE438738,Registered with KOFVZOFCCUCMSUB02.sa.kof.ccf,
SEPC471FE43873A,Registered with KOFVZOFCCUCMSUB02.sa.kof.ccf,
SEPC471FE43873B,Registered with KOFVZOFCCUCMSUB02.sa.kof.ccf,
SEPC471FE43873F,Unregistered,
SEPC471FE438741,Registered with KOFVZOFCCUCMSUB02.sa.kof.ccf,
SEPD0D0FD70DD6B,Registered with KOFVZOFCCUCMSUB02.sa.kof.ccf,
SEPDCCEC1D487B2,Registered with KOFVZOFCCUCMSUB02.sa.kof.ccf,
SEPDCCEC1D4886E,Registered with KOFVZOFCCUCMSUB02.sa.kof.ccf,
SEPDCCEC1D48971,Registered with KOFVZOFCCUCMSUB02.sa.kof.ccf,
SEPDCCEC1D489BB,Registered with KOFVZOFCCUCMSUB02.sa.kof.ccf,
SEPDCCEC1D48A37,Registered with KOFVZOFCCUCMSUB02.sa.kof.ccf,
SEPDCCEC1D4CD7A,Registered with KOFVZOFCCUCMSUB02.sa.kof.ccf,
SEPDCEB94B4867B,Registered with KOFVZOFCCUCMSUB02.sa.kof.ccf,
SEPDCEB94B4872F,Registered with KOFVZOFCCUCMSUB02.sa.kof.ccf,
SEPDCEB94B4AB52,Registered with KOFVZOFCCUCMSUB02.sa.kof.ccf,
SEPDCEB94BC04BC,Registered with KOFVZOFCCUCMSUB02.sa.kof.ccf,
SEPDCEB94BC05F3,Registered with KOFVZOFCCUCMSUB02.sa.kof.ccf,
SEPDCEB94BC0D1C,Registered with KOFVZOFCCUCMSUB02.sa.kof.ccf,
SEPDCEB94BC322C,Registered with KOFVZOFCCUCMSUB02.sa.kof.ccf,
SEPDCEB94BC6AD4,Registered with KOFVZOFCCUCMSUB02.sa.kof.ccf,
SEPDCEB94BC6B34,Registered with KOFVZOFCCUCMSUB02.sa.kof.ccf,
SEPDCEB94BC6B73,Registered with KOFVZOFCCUCMSUB01.sa.kof.ccf,
SEPDCEB94BC6C9B,Registered with KOFVZOFCCUCMSUB02.sa.kof.ccf,
SEPDCEB94BC6CA1,Registered with KOFVZOFCCUCMSUB02.sa.kof.ccf,
SEPDCEB94BC6D1C,Registered with KOFVZOFCCUCMSUB01.sa.kof.ccf,
SEPDCEB94BC6D1D,Registered with KOFVZOFCCUCMSUB02.sa.kof.ccf,
SEPDCEB94BC6DC8,Registered with KOFVZOFCCUCMSUB02.sa.kof.ccf,
SEPDCEB94BC7168,Registered with KOFVZOFCCUCMSUB02.sa.kof.ccf,
SEPDCEB94BC7208,Registered with KOFVZOFCCUCMSUB02.sa.kof.ccf,
SEPDCEB94BC7234,Registered with KOFVZOFCCUCMSUB02.sa.kof.ccf,
SEPDCEB94BC72E0,Registered with KOFVZOFCCUCMSUB02.sa.kof.ccf,
SEPDCEB94BC745E,Registered with KOFVZOFCCUCMSUB02.sa.kof.ccf,
SEPE4C72264D8FF,Registered with KOFVZOFCCUCMSUB02.sa.kof.ccf,
SEPE86549B9256C,Registered with KOFVZOFCCUCMSUB02.sa.kof.ccf,
SEPE8EDF3B5DCE9,Unregistered,
SEPE8EDF3B5DCFF,Registered with KOFVZOFCCUCMSUB02.sa.kof.ccf,
SEPE8EDF3B5DD2D,Registered with KOFVZOFCCUCMSUB01.sa.kof.ccf,
SEPECC882B0EA44,Registered with KOFVZOFCCUCMSUB02.sa.kof.ccf,
SEPECC882B0F661,Unregistered,
SEPECC882B0FB2C,Registered with KOFVZOFCCUCMSUB02.sa.kof.ccf,
SEPF02572780F83,Registered with KOFVZOFCCUCMSUB02.sa.kof.ccf,
SEPF025727817A6,Registered with KOFVZOFCCUCMSUB02.sa.kof.ccf,
SEPF0257278247E,Registered with KOFVZOFCCUCMSUB02.sa.kof.ccf,
SEPF0257278420A,None,
SEPF0257278A727,Registered with KOFVZOFCCUCMSUB02.sa.kof.ccf,
SEPF0257278A72D,Registered with KOFVZOFCCUCMSUB02.sa.kof.ccf,
SEPF0257278A78E,Registered with KOFVZOFCCUCMSUB02.sa.kof.ccf,
SEPF0257278A836,Registered with KOFVZOFCCUCMSUB02.sa.kof.ccf,
SEPF0257278A8CA,Registered with KOFVZOFCCUCMSUB02.sa.kof.ccf,
SEPF0257278A945,Registered with KOFVZOFCCUCMSUB02.sa.kof.ccf,
SEPF0257278A984,Registered with KOFVZOFCCUCMSUB02.sa.kof.ccf,
SEPF0257278A9B1,Registered with KOFVZOFCCUCMSUB02.sa.kof.ccf,
SEPF0257278AD05,Registered with KOFVZOFCCUCMSUB02.sa.kof.ccf,
SEPF0257278AD1A,Registered with KOFVZOFCCUCMSUB02.sa.kof.ccf,
SEPF0257278AD1C,Registered with KOFVZOFCCUCMSUB02.sa.kof.ccf,
SEPF0257278AE0D,Registered with KOFVZOFCCUCMSUB02.sa.kof.ccf,
SEPF0257278BC6A,Registered with KOFVZOFCCUCMSUB02.sa.kof.ccf,
SEPF0257278BCAD,Unregistered,
SEPF0257278C6C2,Registered with KOFVZOFCCUCMSUB02.sa.kof.ccf,
SEPF0257278C7A4,Registered with KOFVZOFCCUCMSUB02.sa.kof.ccf,
SEPF0257278EE0B,Registered with KOFVZOFCCUCMSUB02.sa.kof.ccf,
SEPF0257278F484,Registered with KOFVZOFCCUCMSUB02.sa.kof.ccf,
SEPF02572792C0A,Registered with KOFVZOFCCUCMSUB02.sa.kof.ccf,
SEPF02572792C27,Registered with KOFVZOFCCUCMSUB02.sa.kof.ccf,
SEPF02572792C52,Registered with KOFVZOFCCUCMSUB02.sa.kof.ccf,
SEPF02572792C7C,Registered with KOFVZOFCCUCMSUB02.sa.kof.ccf,
SEPF02572792D25,Registered with KOFVZOFCCUCMSUB02.sa.kof.ccf,
SEPF02572792D4F,Registered with KOFVZOFCCUCMSUB01.sa.kof.ccf,
SEPF02572792DC2,Registered with KOFVZOFCCUCMSUB02.sa.kof.ccf,
SEPF02572792DE5,Registered with KOFVZOFCCUCMSUB02.sa.kof.ccf,
SEPF02572792DEB,Registered with KOFVZOFCCUCMSUB02.sa.kof.ccf,
SEPF02572792EC8,Registered with KOFVZOFCCUCMSUB02.sa.kof.ccf,
SEPF02572792EE7,None,
SEPF02572792EEB,Registered with KOFVZOFCCUCMSUB02.sa.kof.ccf,
SEPF02572792EF0,Registered with KOFVZOFCCUCMSUB02.sa.kof.ccf,
SEPF02572792EF3,Registered with KOFVZOFCCUCMSUB02.sa.kof.ccf,
SEPF02572792F9A,Unregistered,
SEPF025727931BD,Registered with KOFVZOFCCUCMSUB02.sa.kof.ccf,
SEPF02572793612,Registered with KOFVZOFCCUCMSUB02.sa.kof.ccf,
SEPF025727936AD,Registered with KOFVZOFCCUCMSUB02.sa.kof.ccf,
SEPF02572795E6A,Registered with KOFVZOFCCUCMSUB02.sa.kof.ccf,
SEPF02572795E87,Registered with KOFVZOFCCUCMSUB02.sa.kof.ccf,
SEPF02572795EAB,Registered with KOFVZOFCCUCMSUB02.sa.kof.ccf,
SEPF02572795EB0,Registered with KOFVZOFCCUCMSUB01.sa.kof.ccf,
SEPF02572795EBF,Registered with KOFVZOFCCUCMSUB02.sa.kof.ccf,
SEPF02572795EEB,Registered with KOFVZOFCCUCMSUB01.sa.kof.ccf,
SEPF02572795F56,Registered with KOFVZOFCCUCMSUB02.sa.kof.ccf,
SEPF02572795F57,Registered with KOFVZOFCCUCMSUB02.sa.kof.ccf,
SEPF02572795F97,Registered with KOFVZOFCCUCMSUB02.sa.kof.ccf,
SEPF02572795FA0,Registered with KOFVZOFCCUCMSUB02.sa.kof.ccf,
SEPF02572795FA6,Registered with KOFVZOFCCUCMSUB02.sa.kof.ccf,
SEPF02572795FAE,Registered with KOFVZOFCCUCMSUB02.sa.kof.ccf,
SEPF02572795FCE,Registered with KOFVZOFCCUCMSUB02.sa.kof.ccf,
SEPF025727961CF,Registered with KOFVZOFCCUCMSUB02.sa.kof.ccf,
SEPF025727961EB,Registered with KOFVZOFCCUCMSUB02.sa.kof.ccf,
SEPF02572796209,Registered with KOFVZOFCCUCMSUB02.sa.kof.ccf,
SEPF0257279623B,Registered with KOFVZOFCCUCMSUB02.sa.kof.ccf,
SEPF0257279623E,Registered with KOFVZOFCCUCMSUB02.sa.kof.ccf,
SEPF025727966C0,Registered with KOFVZOFCCUCMSUB02.sa.kof.ccf,
SEPF025727967A8,Registered with KOFVZOFCCUCMSUB02.sa.kof.ccf,
SEPF025727967E3,Registered with KOFVZOFCCUCMSUB01.sa.kof.ccf,
SEPF025727967E7,Registered with KOFVZOFCCUCMSUB02.sa.kof.ccf,
SEPF0257279680C,Registered with KOFVZOFCCUCMSUB02.sa.kof.ccf,
SEPF0257279680D,Registered with KOFVZOFCCUCMSUB02.sa.kof.ccf,
SEPF0257279680E,Registered with KOFVZOFCCUCMSUB02.sa.kof.ccf,
SEPF0257279680F,Registered with KOFVZOFCCUCMSUB02.sa.kof.ccf,
SEPF02572796810,Registered with KOFVZOFCCUCMSUB01.sa.kof.ccf,
SEPF02572796815,Registered with KOFVZOFCCUCMSUB01.sa.kof.ccf,
SEPF02572796819,Registered with KOFVZOFCCUCMSUB02.sa.kof.ccf,
SEPF0257279681E,Registered with KOFVZOFCCUCMSUB01.sa.kof.ccf,
SEPF0257279681F,Registered with KOFVZOFCCUCMSUB02.sa.kof.ccf,
SEPF02572796820,Registered with KOFVZOFCCUCMSUB02.sa.kof.ccf,
SEPF02572796825,Registered with KOFVZOFCCUCMSUB01.sa.kof.ccf,
SEPF02572796839,Registered with KOFVZOFCCUCMSUB02.sa.kof.ccf,
SEPF02572796872,Registered with KOFVZOFCCUCMSUB02.sa.kof.ccf,
SEPF025727969A0,Registered with KOFVZOFCCUCMSUB01.sa.kof.ccf,
SEPF02572796CE5,Registered with KOFVZOFCCUCMSUB02.sa.kof.ccf,
SEPF02572796DB8,Unregistered,
SEPF02572796DD8,Registered with KOFVZOFCCUCMSUB02.sa.kof.ccf,
SEPF025727970F2,Registered with KOFVZOFCCUCMSUB02.sa.kof.ccf,
SEPF02572797208,Registered with KOFVZOFCCUCMSUB02.sa.kof.ccf,
SEPF0257279725C,Registered with KOFVZOFCCUCMSUB02.sa.kof.ccf,
SEPF025727972A1,Registered with KOFVZOFCCUCMSUB02.sa.kof.ccf,
SEPF025727972A6,Registered with KOFVZOFCCUCMSUB02.sa.kof.ccf,
SEPF025727972A7,Registered with KOFVZOFCCUCMSUB01.sa.kof.ccf,
SEPF025727972D6,Registered with KOFVZOFCCUCMSUB02.sa.kof.ccf,
SEPF025727972D7,None,
SEPF02572797386,Registered with KOFVZOFCCUCMSUB02.sa.kof.ccf,
SEPF0257279739F,Registered with KOFVZOFCCUCMSUB02.sa.kof.ccf,
SEPF025727973A2,Registered with KOFVZOFCCUCMSUB02.sa.kof.ccf,
SEPF025727973D2,Registered with KOFVZOFCCUCMSUB02.sa.kof.ccf,
SEPF02572797424,Registered with KOFVZOFCCUCMSUB02.sa.kof.ccf,
SEPF025727974BF,Registered with KOFVZOFCCUCMSUB02.sa.kof.ccf,
SEPF0257279751D,Registered with KOFVZOFCCUCMSUB02.sa.kof.ccf,
SEPF0292958806E,Unregistered,
SEPF07816A29A31,Registered with KOFVZOFCCUCMSUB01.sa.kof.ccf,
SEPF07816A2E426,Registered with KOFVZOFCCUCMSUB02.sa.kof.ccf,
SEPF07816D003EE,Registered with KOFVZOFCCUCMSUB02.sa.kof.ccf,
SEPF07816D0048B,Registered with KOFVZOFCCUCMSUB02.sa.kof.ccf,
SEPF07816D004E0,Registered with KOFVZOFCCUCMSUB02.sa.kof.ccf,
SEPF07816D0065E,Registered with KOFVZOFCCUCMSUB02.sa.kof.ccf,
SEPF07816D0066F,Registered with KOFVZOFCCUCMSUB01.sa.kof.ccf,
SEPF07816D0068A,Registered with KOFVZOFCCUCMSUB02.sa.kof.ccf,
SEPF07816D0068E,Registered with KOFVZOFCCUCMSUB02.sa.kof.ccf,
SEPF07816D006D0,Registered with KOFVZOFCCUCMSUB02.sa.kof.ccf,
SEPF07816D006D5,Registered with KOFVZOFCCUCMSUB02.sa.kof.ccf,
SEPF07816D009D7,Registered with KOFVZOFCCUCMSUB01.sa.kof.ccf,
SEPF07816D013C4,Registered with KOFVZOFCCUCMSUB02.sa.kof.ccf,
SEPF07816D014E6,Registered with KOFVZOFCCUCMSUB02.sa.kof.ccf,
SEPF07816D014EA,Registered with KOFVZOFCCUCMSUB02.sa.kof.ccf,
SEPF07816D03662,Registered with KOFVZOFCCUCMSUB01.sa.kof.ccf,
SEPF07816D036EF,Registered with KOFVZOFCCUCMSUB02.sa.kof.ccf,
SEPF07816D036F2,Registered with KOFVZOFCCUCMSUB02.sa.kof.ccf,
SEPF07816D0370B,Registered with KOFVZOFCCUCMSUB02.sa.kof.ccf,
SEPF07816D0373E,Registered with KOFVZOFCCUCMSUB02.sa.kof.ccf,
SEPF07816D037BD,Registered with KOFVZOFCCUCMSUB02.sa.kof.ccf,
SEPF07816D03817,Registered with KOFVZOFCCUCMSUB01.sa.kof.ccf,
SEPF07816D03AC6,Registered with KOFVZOFCCUCMSUB02.sa.kof.ccf,
SEPF07816D03B30,Registered with KOFVZOFCCUCMSUB02.sa.kof.ccf,
SEPF07816D03B3C,Registered with KOFVZOFCCUCMSUB02.sa.kof.ccf,
SEPF07816D03B55,Registered with KOFVZOFCCUCMSUB02.sa.kof.ccf,
SEPF07816D03B82,Registered with KOFVZOFCCUCMSUB02.sa.kof.ccf,
SEPF07816D03B85,Registered with KOFVZOFCCUCMSUB01.sa.kof.ccf,
SEPF07816D03C5D,Registered with KOFVZOFCCUCMSUB02.sa.kof.ccf,
SEPF07816D03E9D,Registered with KOFVZOFCCUCMSUB01.sa.kof.ccf,
SEPF07816D03EB2,Registered with KOFVZOFCCUCMSUB02.sa.kof.ccf,
SEPF07816D03ED1,Registered with KOFVZOFCCUCMSUB02.sa.kof.ccf,
SEPF07816D03ED9,Registered with KOFVZOFCCUCMSUB02.sa.kof.ccf,
SEPF0B2E576621B,Registered with KOFVZOFCCUCMSUB02.sa.kof.ccf,
SEPF41FC2669ABA,Registered with KOFVZOFCCUCMSUB01.sa.kof.ccf,
SEPF41FC267AA44,Registered with KOFVZOFCCUCMSUB02.sa.kof.ccf,
SEPF47F353C46A2,Registered with KOFVZOFCCUCMSUB02.sa.kof.ccf,
SEPF47F353C47C6,Registered with KOFVZOFCCUCMSUB02.sa.kof.ccf,
SEPF47F353D4A62,Registered with KOFVZOFCCUCMSUB02.sa.kof.ccf,
SEPF47F353D5045,Unregistered,
SEPF47F353D581E,Registered with KOFVZOFCCUCMSUB02.sa.kof.ccf,
SEPF47F35A3DA9B,Unregistered,
SEPF47F35A3DC07,Registered with KOFVZOFCCUCMSUB01.sa.kof.ccf,
SEPF47F35A3DC4E,Registered with KOFVZOFCCUCMSUB02.sa.kof.ccf,
SEPF47F35A3E0EA,Registered with KOFVZOFCCUCMSUB02.sa.kof.ccf,
SEPF47F35A3F0F0,Registered with KOFVZOFCCUCMSUB02.sa.kof.ccf,
SEPF47F35A3F1A7,Unregistered,
soutec1,Registered with KOFVZOFCCUCMSUB01.sa.kof.ccf,
